rms,kurtosis,spectral_centroid,spectral_flatness,peak_to_peak,label
3.64306411385588,2.7106456197365754,16.56963266472687,0.5909260880569486,0.037069597069597116,PRISMATIC_BATTERY
3.647366442583312,3.144340986553731,17.896169128272007,0.5947849452849929,0.04673992673992666,PRISMATIC_BATTERY
3.643402609799087,2.4588230235555373,16.15350832405895,0.5917685582114875,0.03868131868131863,PRISMATIC_BATTERY
3.6442949533906503,3.463229111184485,16.9650185840322,0.6110959348602737,0.06285714285714272,PRISMATIC_BATTERY
3.643134622028598,3.4699015123129553,17.354459776137958,0.5919182167602801,0.061245421245421205,PRISMATIC_BATTERY
3.6451131787135354,2.490341378063299,16.608435728669104,0.605436849940394,0.04190476190476167,PRISMATIC_BATTERY
3.6460706052007446,2.2545565488152244,17.812198215101922,0.6371564218644473,0.03706959706959756,PRISMATIC_BATTERY
3.64358264877891,3.1502125671878485,15.283013694497683,0.5426341817269332,0.051575091575091214,PRISMATIC_BATTERY
3.6450870087667258,3.2353541347023778,16.74921900612731,0.6300538947362216,0.035457875457875154,PRISMATIC_BATTERY
3.6430349504467343,2.8275092908592656,17.003664430204623,0.5935104184410771,0.04835164835164818,PRISMATIC_BATTERY
3.644742634385768,4.2141036189611825,16.319059641248504,0.6037312975276152,0.05963369963370013,PRISMATIC_BATTERY
3.6421364051679026,3.1762788123277192,19.232694404678643,0.6764498397739326,0.043516483516483184,PRISMATIC_BATTERY
3.64411770292018,5.265063744253979,18.082432008326492,0.6379538644250674,0.053186813186813175,PRISMATIC_BATTERY
3.644886232043608,3.1021032599913494,16.287768743467744,0.5829417654939689,0.0515750915750921,PRISMATIC_BATTERY
3.6442177939604434,3.8896117428913763,18.22907934170019,0.6507882987181204,0.05802197802197817,PRISMATIC_BATTERY
3.6432422266276445,2.8569637256352425,18.509478685186696,0.652661547700458,0.04351648351648407,PRISMATIC_BATTERY
3.6456754566970626,4.406040603396695,18.177338854038506,0.6471267269935582,0.05802197802197773,PRISMATIC_BATTERY
3.6439922065482926,2.691403909688081,17.98587742192866,0.6157506020670886,0.04673992673992711,PRISMATIC_BATTERY
3.6432175369953796,3.3574695825783696,18.06245289791047,0.6315195027692554,0.04673992673992711,PRISMATIC_BATTERY
3.6443530067702956,3.4542931867222495,18.098429853008096,0.6387048329606215,0.048351648351648624,PRISMATIC_BATTERY
3.6452083396009325,2.430287602664116,18.41214761883394,0.6515091140084203,0.03706959706959667,PRISMATIC_BATTERY
3.6445153759760096,2.37232792761439,18.347951298266164,0.6369633361383443,0.045128205128205146,PRISMATIC_BATTERY
3.646061142058403,2.026029068495914,19.76644368969666,0.6956204157262568,0.0354578754578756,PRISMATIC_BATTERY
3.644566056067849,2.657316583723387,17.792950527829493,0.6559478392973009,0.04673992673992711,PRISMATIC_BATTERY
3.643474674583296,3.6667831176132784,17.707112837191104,0.6390424723956274,0.053186813186813175,PRISMATIC_BATTERY
3.643824615282663,3.0913614693208924,18.454027632233426,0.6420624454573625,0.04996336996337014,PRISMATIC_BATTERY
3.643172845322976,4.251400783770687,17.639290293296185,0.6076401273084898,0.06124542124542165,PRISMATIC_BATTERY
3.6439531435393957,4.999939283595992,19.523397562152212,0.6862209893747697,0.06446886446886424,PRISMATIC_BATTERY
3.6430776063101313,3.359155615507138,16.785807301406866,0.5905364955495229,0.061245421245421205,PRISMATIC_BATTERY
3.643372646998651,3.619159645024458,16.5404436939213,0.5695103278450356,0.048351648351648624,PRISMATIC_BATTERY
3.6443244595489497,3.837913200955243,16.40631343005212,0.5944253892864023,0.06124542124542165,PRISMATIC_BATTERY
3.6446020441715143,4.470606990657715,17.619345227858197,0.5948941988647645,0.053186813186813175,PRISMATIC_BATTERY
3.646046600867288,2.4542634465608324,17.27541157223384,0.5882679254933237,0.04190476190476211,PRISMATIC_BATTERY
3.643959860503399,3.220830897188944,17.594808692486307,0.6102069299207377,0.04673992673992666,PRISMATIC_BATTERY
3.6410487864772403,4.604845231948702,19.033260671237727,0.6371339451687353,0.04673992673992666,PRISMATIC_BATTERY
3.642002493763593,3.4251278128656626,17.6651510612194,0.6297834887099332,0.045128205128205146,PRISMATIC_BATTERY
3.6435099943804734,3.013257352151474,18.255865681547146,0.6328097637538939,0.05479853479853469,PRISMATIC_BATTERY
3.644782255532061,2.862894225393855,17.949641697324722,0.651832708410073,0.05479853479853514,PRISMATIC_BATTERY
3.644208454313499,2.505283106985568,17.76056158035805,0.6008862256385046,0.045128205128205146,PRISMATIC_BATTERY
3.6430445497975863,3.055950878690228,17.262818033975243,0.6144389428184655,0.04996336996337014,PRISMATIC_BATTERY
3.6439164183331627,3.293487274668934,15.832047383745106,0.5718711476241585,0.05963369963369969,PRISMATIC_BATTERY
3.643154231949581,3.053740277218504,16.691848442154228,0.6122402149782906,0.053186813186813175,PRISMATIC_BATTERY
3.6433411938140687,2.9639798396216253,16.168594671684637,0.5864279742285445,0.05157509157509166,PRISMATIC_BATTERY
3.6415100188417435,3.4991721541536553,18.14535392517775,0.6441511455816014,0.056410256410256654,PRISMATIC_BATTERY
3.6477249880919866,3.162854972054607,19.990470313314212,0.678649572833762,0.05479853479853469,PRISMATIC_BATTERY
3.644077240524855,2.280224266625111,18.954668106585153,0.6427049152072036,0.030622710622710603,PRISMATIC_BATTERY
3.6428576083624473,3.765850037256459,16.387686830436156,0.5882200878859386,0.053186813186813175,PRISMATIC_BATTERY
3.644300857136211,2.29381967738067,18.28890927978613,0.6470157380440216,0.04190476190476211,PRISMATIC_BATTERY
3.6452588069647476,2.658838551930096,16.071785289296287,0.5694670096045549,0.04673992673992666,PRISMATIC_BATTERY
3.6433221713324255,3.0169829156287773,17.608092425489005,0.6338872902758619,0.03868131868131863,PRISMATIC_BATTERY
3.645759266862678,3.8521216811532373,17.07621585208589,0.6153334937492723,0.061245421245421205,PRISMATIC_BATTERY
3.642288804731002,3.9975588648643763,15.252373389356858,0.5806327316995663,0.04835164835164818,PRISMATIC_BATTERY
3.6444119448485113,2.518264026910837,16.229634721418947,0.6029145304164718,0.037069597069597116,PRISMATIC_BATTERY
3.6413918944188293,3.5331143219851815,18.217112409590772,0.6861476909844769,0.037069597069597116,PRISMATIC_BATTERY
3.64585174259836,2.1484437377476207,17.44183050822844,0.6092565317348011,0.03384615384615408,PRISMATIC_BATTERY
3.644797514467273,2.52667567034074,16.40115081806491,0.5956288941341594,0.04029304029304015,PRISMATIC_BATTERY
3.645031085442426,3.388008835257395,16.02028685215525,0.5684526733248035,0.04351648351648407,PRISMATIC_BATTERY
3.644482425163442,2.3721947225348705,16.473832827508623,0.6145155141345464,0.037069597069597116,PRISMATIC_BATTERY
3.644822824131961,2.1558741950807545,16.78610552816254,0.5635742548710412,0.04029304029304015,PRISMATIC_BATTERY
3.645677145388494,3.536383004071624,16.815322019266763,0.6059817278293939,0.04996336996337014,PRISMATIC_BATTERY
3.6434254801087187,2.944498964097943,17.480723839376363,0.6046088250529874,0.04190476190476211,PRISMATIC_BATTERY
3.647885462573137,2.479155910089707,16.89670016913751,0.6314660822716137,0.05157509157509166,PRISMATIC_BATTERY
3.645377997885463,2.9805132482431156,16.87593383512196,0.6002648317992689,0.04835164835164818,PRISMATIC_BATTERY
3.645883423494986,2.8309879240657723,17.722228507393464,0.6625983257192799,0.03384615384615408,PRISMATIC_BATTERY
3.6460455963046625,2.3361201043867497,18.296727692452748,0.561733435071685,0.03868131868131908,PRISMATIC_BATTERY
3.645258892477903,3.5496706195167755,16.770389020779202,0.6030213389795025,0.05479853479853469,PRISMATIC_BATTERY
3.6443226276721794,3.010714816606316,18.532317678969356,0.6655760594688099,0.04835164835164818,PRISMATIC_BATTERY
3.646490079328817,4.0137263983307925,17.308558793828254,0.6170937393860904,0.059633699633699244,PRISMATIC_BATTERY
3.644458684784343,3.4860420989747865,17.695657417766906,0.6067802637735374,0.053186813186813175,PRISMATIC_BATTERY
3.642949205819411,3.5757829453916314,17.747038453826416,0.61942926305358,0.04351648351648363,PRISMATIC_BATTERY
3.6447088410580375,2.858990827072621,17.300644130382178,0.6107123937633678,0.04351648351648407,PRISMATIC_BATTERY
3.6455149419368778,3.1956983395909946,17.430697702169372,0.6439866434504781,0.0499633699633697,PRISMATIC_BATTERY
3.6432321429535595,3.5482197030669185,18.90628019545022,0.6242197015427,0.04673992673992666,PRISMATIC_BATTERY
3.6447749378486183,2.696052549768224,16.547633045904963,0.6009141157667974,0.04673992673992666,PRISMATIC_BATTERY
3.642238592192659,1.9499160395061952,18.062916621077747,0.6405595701701798,0.02739926739926757,PRISMATIC_BATTERY
3.64633190860553,2.1665240768025917,16.877411838395528,0.6245345740577142,0.04835164835164818,PRISMATIC_BATTERY
3.642675732932748,4.291813494166218,16.65675606140449,0.5904110257582182,0.0451282051282047,PRISMATIC_BATTERY
3.642731692416489,2.6333091227027903,19.47334001107673,0.6482577731284396,0.035457875457875154,PRISMATIC_BATTERY
3.6437799007579916,3.3464035158171623,19.573402998774228,0.6386665191657379,0.03868131868131863,PRISMATIC_BATTERY
3.6449652142235425,2.3591745962443014,18.165719045493127,0.6217704999630832,0.03384615384615408,PRISMATIC_BATTERY
3.644628057235658,3.878649496130217,17.836413786729878,0.6535754362734945,0.05318681318681362,PRISMATIC_BATTERY
3.6442622482846323,2.4444892436164114,20.00644361845329,0.6377900807449306,0.035457875457875154,PRISMATIC_BATTERY
3.646546795927958,2.6113405954426905,18.69003098325312,0.6558751859136474,0.0451282051282047,PRISMATIC_BATTERY
3.646440480298682,3.0178404047184557,17.761655112450953,0.6257890696657633,0.0451282051282047,PRISMATIC_BATTERY
3.647194690246432,2.2512308968823755,18.25256252241013,0.6178026926365324,0.025787545787545607,PRISMATIC_BATTERY
3.647112218260446,2.5603933473827314,15.469603540962497,0.5548068105896694,0.04190476190476211,PRISMATIC_BATTERY
3.6469358935686587,2.5454147428993306,16.967799030627578,0.6183042662463238,0.045128205128205146,PRISMATIC_BATTERY
3.6460917845255585,3.3842446559345176,20.007051147194638,0.6624481541818786,0.043516483516483184,PRISMATIC_BATTERY
3.647151347147485,3.3078204725031615,17.190000430290333,0.5982995788365477,0.05641025641025621,PRISMATIC_BATTERY
3.645279285526656,2.199320976430428,18.163695688571558,0.6567513059315272,0.0354578754578756,PRISMATIC_BATTERY
3.643740596649366,3.8918904074085456,17.626037892543184,0.6273299420481518,0.0354578754578756,PRISMATIC_BATTERY
3.644299324622436,3.0058408081802344,18.230518926750463,0.5988862283058178,0.04673992673992711,PRISMATIC_BATTERY
3.643731116762128,2.13296924778452,18.13001515706669,0.6402144582452574,0.030622710622710603,PRISMATIC_BATTERY
3.6446274122122695,2.1829450801152883,18.82519987560932,0.6634571649126233,0.03545787545787604,PRISMATIC_BATTERY
3.643732471287853,2.7668614800222184,17.99059485587192,0.6150221920228854,0.03384615384615408,PRISMATIC_BATTERY
3.642644726562395,5.486809334793199,18.53178035358963,0.6566552441664348,0.061245421245421205,PRISMATIC_BATTERY
3.6455465438167636,2.845219720642684,16.996417315998812,0.6159113049619374,0.0354578754578756,PRISMATIC_BATTERY
3.6440893962205365,3.517781209982675,16.30528818158974,0.5696238426383925,0.051575091575091214,PRISMATIC_BATTERY
3.6448847674808205,4.894974004045092,17.940358238681203,0.64586534103036,0.04835164835164818,PRISMATIC_BATTERY
3.6447364462711023,3.0619784124908573,16.734935289099067,0.6086107311791802,0.061245421245421205,PRISMATIC_BATTERY
3.643135718304577,3.1019809706744432,16.76839458422687,0.6088408592613026,0.04190476190476211,PRISMATIC_BATTERY
3.643878988788374,3.6073463399412984,14.853003599796459,0.5560646297825229,0.048351648351648624,PRISMATIC_BATTERY
3.6435397243440306,2.061304495776649,17.539096021581187,0.6462618305734447,0.03384615384615364,PRISMATIC_BATTERY
3.6476578979102525,2.0596305302861304,16.21788877491085,0.6004939975168108,0.035457875457875154,PRISMATIC_BATTERY
3.644372009615639,7.015304161736624,18.664188412611058,0.6763891596671864,0.07736263736263727,PRISMATIC_BATTERY
3.6436024666040185,2.740934178876026,17.74120802695201,0.6127613272987226,0.04190476190476211,PRISMATIC_BATTERY
3.6445065288938445,2.889816615164264,16.77105035417719,0.620903678129348,0.03868131868131908,PRISMATIC_BATTERY
3.643522242869663,3.650634756167167,16.858583033875526,0.6063072286410783,0.043516483516483184,PRISMATIC_BATTERY
3.6450699373583455,4.255337420813406,16.834524781585817,0.5809384387974867,0.05479853479853514,PRISMATIC_BATTERY
3.64420785198475,2.6618348492060737,16.47420697169433,0.5747389200071715,0.04190476190476211,PRISMATIC_BATTERY
3.643841924213576,3.2740064853558586,16.80782672249003,0.626897724233187,0.05963369963369969,PRISMATIC_BATTERY
3.6451512102292822,2.5793978195449303,16.953059184068515,0.6112425937067134,0.045128205128205146,PRISMATIC_BATTERY
3.642032328754223,3.35649746164382,16.57481028012653,0.6280195038232431,0.04673992673992666,PRISMATIC_BATTERY
3.643205684985546,2.704167972893409,18.697810777011064,0.6458746649994559,0.035457875457875154,PRISMATIC_BATTERY
3.643731366280062,2.729750437275459,18.07312515755117,0.6286316182530659,0.03868131868131863,PRISMATIC_BATTERY
3.644080861753788,2.9600076656074115,17.498214426064457,0.6334722179898696,0.043516483516483184,PRISMATIC_BATTERY
3.6428860137678067,2.7470008392985927,17.66198273280876,0.6455817608260308,0.035457875457875154,PRISMATIC_BATTERY
3.64330512017423,3.7029487537585144,17.170995986524076,0.6252775859968617,0.0515750915750921,PRISMATIC_BATTERY
3.643912048424226,2.621485220417983,15.605627209493331,0.5733650446059853,0.03868131868131863,PRISMATIC_BATTERY
3.6438283490427343,2.7428636191567306,17.796270716911607,0.6424026587576966,0.030622710622710603,PRISMATIC_BATTERY
3.641493208869505,3.3276001495581653,16.907576231386066,0.6173160964932443,0.04351648351648363,PRISMATIC_BATTERY
3.644477434048017,5.774217013538101,17.661541762659738,0.601604607859865,0.07252747252747271,PRISMATIC_BATTERY
3.643040902582025,3.878643939285867,15.44383389983899,0.5808588712851014,0.05479853479853469,PRISMATIC_BATTERY
3.6433460046752035,2.9851860762133855,16.452507304640328,0.6006285551038947,0.043516483516483184,PRISMATIC_BATTERY
3.6435474615807353,2.8163191435190815,18.171757742966705,0.6395802232205244,0.03868131868131863,PRISMATIC_BATTERY
3.6426959104646115,3.5767587105861445,16.15781184483432,0.6062102056511971,0.04835164835164818,PRISMATIC_BATTERY
3.643544837944606,3.430520124174623,17.850937179121168,0.6309248983513758,0.04190476190476167,PRISMATIC_BATTERY
3.642588459095869,4.10142495577585,18.099216724545595,0.688535724080668,0.056410256410256654,PRISMATIC_BATTERY
3.642768638147555,4.542952785343468,17.02670741776767,0.5693695392415629,0.05479853479853514,PRISMATIC_BATTERY
3.6464656467706,2.7608028601585435,18.065041681192202,0.6117542082483586,0.04351648351648407,PRISMATIC_BATTERY
3.644160535008143,3.0030795602240596,17.395293480774463,0.6151584650922536,0.032234432234432564,PRISMATIC_BATTERY
3.645821326113602,2.1791683496750327,16.16372627365527,0.6323593327309045,0.03223443223443212,PRISMATIC_BATTERY
3.64188855080799,12.615297770844666,19.949549436976724,0.688049606517722,0.08703296703296726,PRISMATIC_BATTERY
3.64135357395868,7.040416130916941,19.751451495971196,0.6633837788881533,0.05479853479853514,PRISMATIC_BATTERY
3.642500020734652,7.284699242740968,18.17544214913262,0.6923563191550214,0.06285714285714272,PRISMATIC_BATTERY
3.6422637734339003,3.0397341929081056,18.240297767639934,0.6341549334260868,0.03868131868131863,PRISMATIC_BATTERY
3.642636210104557,3.845061791395433,15.409466736600216,0.5992585254126698,0.0499633699633697,PRISMATIC_BATTERY
3.643893567144549,2.3836952583673554,18.646005773613332,0.6350359447706111,0.030622710622710603,PRISMATIC_BATTERY
3.642645054598053,3.318133268060051,16.983674851025466,0.5901024940162335,0.048351648351648624,PRISMATIC_BATTERY
3.645819722988954,2.9174649456198813,16.81690895947082,0.6291245423870258,0.04835164835164818,PRISMATIC_BATTERY
3.644892174028929,2.6426917416066114,17.592820190270665,0.6391477383877414,0.04029304029304015,PRISMATIC_BATTERY
3.643811920469804,3.1964154320730973,19.171578100223297,0.6684515617862418,0.04351648351648407,PRISMATIC_BATTERY
3.645102783090333,3.7830706897407484,18.087259261223736,0.639350197520641,0.05641025641025621,PRISMATIC_BATTERY
3.6459413358044475,2.351219252814205,16.93994653682402,0.6530659986542038,0.03868131868131908,PRISMATIC_BATTERY
3.644321394540605,2.6654910404453642,16.87149706970381,0.6303158264769388,0.03868131868131863,PRISMATIC_BATTERY
3.6435463066107157,2.880689548884459,17.629768991903216,0.6464411528847982,0.03706959706959667,PRISMATIC_BATTERY
3.6437969532589283,5.5339108166599535,18.96407975784415,0.6503225760023928,0.061245421245421205,PRISMATIC_BATTERY
3.6420567732222313,3.774412926903005,18.08855759304977,0.5968811477227086,0.0499633699633697,PRISMATIC_BATTERY
3.6425077031280164,3.2117782161507322,17.784804877428734,0.678498412516307,0.043516483516483184,PRISMATIC_BATTERY
3.644821138608188,3.1338023633992393,18.75017855534504,0.6047170841556764,0.04029304029304015,PRISMATIC_BATTERY
3.642369372994882,3.5079091469127563,17.33328291053628,0.5777076232877848,0.037069597069597116,PRISMATIC_BATTERY
3.643982923351892,2.5942365928811597,17.154533242508936,0.6417288462633869,0.03545787545787604,PRISMATIC_BATTERY
3.6421056687983273,2.8188944651008248,17.148501601990592,0.5787251148134028,0.04190476190476211,PRISMATIC_BATTERY
3.640871311976085,3.614387358065577,16.61490747229728,0.6089265406164778,0.04190476190476211,PRISMATIC_BATTERY
3.641805928345061,3.8270193412486133,18.191379818009185,0.656018751228604,0.045128205128205146,PRISMATIC_BATTERY
3.6435800928972246,2.493107194824508,17.058422074471327,0.6364748192508678,0.04029304029304015,PRISMATIC_BATTERY
3.645265101083929,4.294373535518658,19.432128896448493,0.6511608219212225,0.06285714285714272,PRISMATIC_BATTERY
3.643522139492016,2.4060082163906897,17.84054725300955,0.6171211028109359,0.03384615384615408,PRISMATIC_BATTERY
3.6424597436190655,3.1208034048560136,18.11284560171648,0.6471048777465991,0.045128205128205146,PRISMATIC_BATTERY
3.644856733996459,3.2289428428077294,17.537901009751213,0.609511088900985,0.05641025641025621,PRISMATIC_BATTERY
3.6436160212285125,2.7567717017342632,16.13295513465955,0.6146211865974633,0.051575091575091214,PRISMATIC_BATTERY
3.6430819683070457,3.0726344937457406,18.184699350065568,0.6559342627417885,0.05318681318681362,PRISMATIC_BATTERY
3.6429414031364065,3.534176670865688,17.952023088181203,0.6279073047037999,0.045128205128205146,PRISMATIC_BATTERY
3.643912868228096,3.4179493232918743,17.516429404932282,0.60186247046635,0.05157509157509166,PRISMATIC_BATTERY
3.6430870005511875,2.92948538838747,17.655672501729242,0.6446351761163777,0.04190476190476211,PRISMATIC_BATTERY
3.644955299229926,2.753638481580279,18.126964955531122,0.6604777623573375,0.03384615384615364,PRISMATIC_BATTERY
3.6433293564662406,2.3747105855855866,15.92446454976868,0.5961595361465656,0.032234432234432564,PRISMATIC_BATTERY
3.6423293066064693,3.743641435470231,17.31144699030965,0.6303295311221765,0.06124542124542165,PRISMATIC_BATTERY
3.6431043735942574,2.4580281266200306,15.954573762327406,0.5849842759233534,0.03706959706959667,PRISMATIC_BATTERY
3.6448619847233314,3.8474678450152306,16.479397208213946,0.6063315365025145,0.05318681318681273,PRISMATIC_BATTERY
3.643429212495402,2.7463930761773874,18.137269903319623,0.6417568458323283,0.04190476190476167,PRISMATIC_BATTERY
3.6419214680280008,2.7975176231356076,16.786380558930343,0.6034957528890376,0.04673992673992666,PRISMATIC_BATTERY
3.644262811400149,2.7090381067491363,17.98032794157523,0.6664982535971709,0.03384615384615408,PRISMATIC_BATTERY
3.643186884613524,3.6560433661156724,16.823941233737987,0.5945009408232527,0.05802197802197817,PRISMATIC_BATTERY
3.6433957634724132,2.9995590675281916,17.68204852733963,0.6023764536920827,0.04673992673992666,PRISMATIC_BATTERY
3.642499485872593,3.128880338528821,18.17877783541275,0.642103573315787,0.03868131868131863,PRISMATIC_BATTERY
3.6428635286989817,3.167744321067796,19.180452213002784,0.6595312187923971,0.04673992673992666,PRISMATIC_BATTERY
3.6432181287927246,2.778915324281706,15.259400057919583,0.5935667109229522,0.04351648351648407,PRISMATIC_BATTERY
3.645764437913511,3.624836513441583,17.384099781270475,0.6289084568591619,0.056410256410256654,PRISMATIC_BATTERY
3.6442424875081234,2.2162946473118676,17.283544069882257,0.6189561591632478,0.03706959706959667,PRISMATIC_BATTERY
3.642331893676097,3.3099846929686505,17.509273918448795,0.6571268398182002,0.04673992673992666,PRISMATIC_BATTERY
3.641928399151197,2.781048885137082,14.870906647602455,0.5310344433157941,0.04190476190476211,PRISMATIC_BATTERY
3.645629480525357,2.5880495372113983,16.406465641869772,0.5901098710712918,0.04835164835164818,PRISMATIC_BATTERY
3.6431326612089507,2.586415476205674,15.814113158888205,0.5579577544292336,0.05157509157509166,PRISMATIC_BATTERY
3.6427794041101476,3.5135374909384085,16.805311273831695,0.598401307194388,0.05641025641025621,PRISMATIC_BATTERY
3.642113291399376,3.4762106867742624,17.47692127029758,0.6070501964888716,0.05157509157509166,PRISMATIC_BATTERY
3.6439281985265,3.8952188827259806,15.589179646203915,0.5617217177567841,0.05479853479853514,PRISMATIC_BATTERY
3.6448130156555214,2.4786700984505123,17.20919444099151,0.6032988040251253,0.04190476190476167,PRISMATIC_BATTERY
3.6420895141805656,3.5042987766718596,17.533857213346778,0.619770588775402,0.04835164835164818,PRISMATIC_BATTERY
3.6438221272953077,2.709238242545954,16.43809406426457,0.6103411931029725,0.04190476190476167,PRISMATIC_BATTERY
3.643369502761881,2.7371451902902817,15.981109661868615,0.5714590573412056,0.03545787545787604,PRISMATIC_BATTERY
3.644256718699478,2.5852758647644904,19.02541764089664,0.6805898680277134,0.037069597069597116,PRISMATIC_BATTERY
3.6438324089455247,2.945420007613765,16.303395974069876,0.5721710527231235,0.0499633699633697,PRISMATIC_BATTERY
3.645967086385813,2.482962564962625,16.254209130080564,0.5487631627702985,0.04190476190476211,PRISMATIC_BATTERY
3.6421165080430784,3.7031431714233154,16.112485571292595,0.5908700426706156,0.056410256410256654,PRISMATIC_BATTERY
3.642992828873583,2.532206639035402,16.714904044437276,0.6163098080510799,0.03868131868131863,PRISMATIC_BATTERY
3.6466359945170193,2.407630238109204,17.160708427848515,0.5968350304805339,0.04029304029304015,PRISMATIC_BATTERY
3.644619677268213,4.235081532609827,17.94189986188673,0.6253097622450017,0.05479853479853469,PRISMATIC_BATTERY
3.6447718803461444,2.083535666341127,18.91177706534998,0.6665346607283734,0.03384615384615408,PRISMATIC_BATTERY
3.6448283100966474,2.652655442789466,18.827125639027752,0.6404995877848381,0.04029304029304015,PRISMATIC_BATTERY
3.646056331217541,3.0557307019206816,16.37978080745729,0.5738938461956267,0.051575091575091214,PRISMATIC_BATTERY
3.6451454610768086,2.90206678245497,17.785430842638668,0.6412079578710431,0.051575091575091214,PRISMATIC_BATTERY
3.6430111400257004,4.243326794632087,17.82998353941784,0.6295739095612077,0.06446886446886468,PRISMATIC_BATTERY
3.6445299304040306,2.734312855953195,17.79013572592769,0.6565278604375635,0.037069597069597116,PRISMATIC_BATTERY
3.6451168309820017,3.621825156473624,15.805523896942116,0.5771705789846525,0.0515750915750921,PRISMATIC_BATTERY
3.643160533269839,3.507911034995875,18.313723905138097,0.6271138116339313,0.045128205128205146,PRISMATIC_BATTERY
3.645161662724667,2.8569366909672076,16.47394125835699,0.5738836105706262,0.05157509157509166,PRISMATIC_BATTERY
3.6461821198841067,2.3031507145008447,17.363351945172788,0.6381115720447355,0.03706959706959756,PRISMATIC_BATTERY
3.643566087204108,7.827355712263372,18.877993462825387,0.6599609622200854,0.07736263736263727,PRISMATIC_BATTERY
3.643044232493543,3.926269248794062,16.18865904613768,0.607120118951949,0.05479853479853514,PRISMATIC_BATTERY
3.6436139073876954,2.454511811009114,16.695777779399894,0.5959600763031911,0.040293040293040594,PRISMATIC_BATTERY
3.6440706449603533,3.8362909970625636,16.72772572460682,0.5767561881390932,0.04673992673992666,PRISMATIC_BATTERY
3.6441294842449117,2.471027759142045,17.25745934946567,0.6125085265183141,0.04029304029304015,PRISMATIC_BATTERY
3.645208225581811,5.531421676677551,18.071012899576612,0.6556879636220039,0.06446886446886424,PRISMATIC_BATTERY
3.644136486015532,4.465925675669037,16.96010626160531,0.6204221658067948,0.0515750915750921,PRISMATIC_BATTERY
3.6404003192508987,4.55171799967314,16.67756825497431,0.600378706773058,0.05641025641025621,PRISMATIC_BATTERY
3.6427009004554747,10.114998466289325,19.855627131952158,0.6771332029817991,0.06446886446886468,PRISMATIC_BATTERY
3.64223538457179,10.193470870487364,17.894469483943695,0.6198838645868107,0.07413919413919423,PRISMATIC_BATTERY
3.6430087869622407,4.685610725829499,16.433921547918366,0.5936089109506443,0.05802197802197817,PRISMATIC_BATTERY
3.641946972427869,3.6334747661109073,16.257970580086475,0.5674980307005475,0.05802197802197817,PRISMATIC_BATTERY
3.6417068784211764,8.170816270576264,18.907813197946158,0.6618045094921006,0.07897435897435923,PRISMATIC_BATTERY
3.6429197990475344,3.4003920345368215,17.417359933098297,0.6112575446978821,0.05157509157509166,PRISMATIC_BATTERY
3.641676347069695,2.5296142092879212,17.855111175213832,0.6375012604162968,0.030622710622710603,PRISMATIC_BATTERY
3.6418859830383403,3.0641736677242806,17.490555672833402,0.6114541552962608,0.04190476190476211,PRISMATIC_BATTERY
3.644256704443366,3.3065165832063905,16.419244442621874,0.6058924956598654,0.048351648351648624,PRISMATIC_BATTERY
3.644194397574024,6.297304685877209,16.6359232994225,0.6210818645814072,0.06930402930402968,PRISMATIC_BATTERY
3.643241506493457,2.8301878144741024,15.75006731618092,0.5776172492527512,0.04673992673992666,PRISMATIC_BATTERY
3.643717460975962,3.957160839743988,17.820360553026653,0.6467875296042904,0.05479853479853514,PRISMATIC_BATTERY
3.643030878959551,2.7236549704896915,16.467753119857846,0.5957763641243226,0.04190476190476211,PRISMATIC_BATTERY
3.641160305143055,3.1440435640508064,16.855736794637522,0.6025285054475108,0.04029304029304015,PRISMATIC_BATTERY
3.642581432955628,3.2928380812277025,17.410307656341296,0.6116503991088665,0.04673992673992666,PRISMATIC_BATTERY
3.6433547761474205,3.6942425534380305,16.19295490642694,0.5733632050835847,0.04996336996337014,PRISMATIC_BATTERY
3.6456869479774214,2.298396057817856,17.428040815193405,0.6191749044702342,0.043516483516483184,PRISMATIC_BATTERY
3.642460103763456,2.410093488260119,17.226901149908993,0.6171617884211882,0.035457875457875154,PRISMATIC_BATTERY
3.6411847518982094,3.616555791588463,19.121098619316882,0.6541082853298789,0.04190476190476167,PRISMATIC_BATTERY
3.6411830254529507,2.649858429150332,18.92221237418958,0.6470245733804717,0.03223443223443212,PRISMATIC_BATTERY
3.642410189550856,3.0990526957147093,16.93539319210635,0.6061267038274655,0.04351648351648363,PRISMATIC_BATTERY
3.643210351641035,2.6010335040676944,16.91352929708216,0.604155466623586,0.04512820512820559,PRISMATIC_BATTERY
3.644609166199519,2.301871486909421,17.501228562519575,0.6107146895803445,0.032234432234432564,PRISMATIC_BATTERY
3.642757130530235,2.9159981526608947,17.798901283706925,0.6593060676648619,0.043516483516483184,PRISMATIC_BATTERY
3.6420230476946944,4.54898794235113,16.868569897156043,0.6068673758287866,0.04351648351648363,PRISMATIC_BATTERY
3.643708932767176,3.252765597330641,17.36674129129608,0.6353326136664519,0.04190476190476167,PRISMATIC_BATTERY
3.6436389757497816,3.390891482809988,16.385185584715888,0.6002666697680025,0.05318681318681362,PRISMATIC_BATTERY
3.6436703051673764,4.419556808426936,17.097165550623135,0.6492929774543399,0.056410256410256654,PRISMATIC_BATTERY
3.643362556555723,3.6211016014343023,17.785774082472987,0.6018368792728843,0.045128205128205146,PRISMATIC_BATTERY
3.6431215362113165,3.91245451633781,17.15381159185207,0.6364426389340835,0.0515750915750921,PRISMATIC_BATTERY
3.644508909500543,3.4634185010761205,18.47234916143493,0.6084274290107943,0.05479853479853469,PRISMATIC_BATTERY
3.6422434526511394,2.9526647592783704,16.77935824325991,0.5930622196256337,0.04351648351648407,PRISMATIC_BATTERY
3.6437072003887834,4.364586202872756,19.45827200385139,0.705929348421316,0.05157509157509166,PRISMATIC_BATTERY
3.645134000157945,2.17266732506104,16.34493841444146,0.5648624305454167,0.03384615384615408,PRISMATIC_BATTERY
3.6451424395167447,2.245415093448638,16.053835199783183,0.6055138376070083,0.040293040293040594,PRISMATIC_BATTERY
3.6463453301952886,2.489976784775331,16.297557386846123,0.5659555244957934,0.03706959706959756,PRISMATIC_BATTERY
3.645274562729762,4.047769083646956,17.236396091779575,0.6256217521048172,0.059633699633699244,PRISMATIC_BATTERY
3.6443094409834313,3.175851540894712,17.372088067915783,0.6230133836293688,0.053186813186813175,PRISMATIC_BATTERY
3.6436711713654466,2.6148695670756363,16.49825169310575,0.6346608780790327,0.04190476190476167,PRISMATIC_BATTERY
3.645637580282766,2.3786013966046218,16.866968723541774,0.6077944605813093,0.04190476190476211,PRISMATIC_BATTERY
3.646547786105357,2.7315860703469026,16.38065770458997,0.5684068614764096,0.04351648351648363,PRISMATIC_BATTERY
3.644362584829729,3.6310405571373066,17.84746596448747,0.6323587913333378,0.04835164835164818,PRISMATIC_BATTERY
3.6453039540686967,3.111482641313855,16.179974963603893,0.5787119100247172,0.051575091575091214,PRISMATIC_BATTERY
3.6456289710612366,2.9021284900763042,17.47312640209735,0.6206697703303099,0.045128205128205146,PRISMATIC_BATTERY
3.6452560847949194,3.2076987354743705,15.783074059976844,0.6004885660619562,0.04190476190476211,PRISMATIC_BATTERY
3.645754742409843,2.219050390082008,17.353554422076012,0.6196648098676795,0.029010989010989086,PRISMATIC_BATTERY
3.645126391000085,3.342489224589737,19.29232059828982,0.6427901711886408,0.0499633699633697,PRISMATIC_BATTERY
3.646037128756925,2.5455354975276068,15.44088392428704,0.5914014933231783,0.04996336996337014,PRISMATIC_BATTERY
3.6465645229121386,2.3658290648266047,15.426071928776867,0.5682003477671872,0.05479853479853469,PRISMATIC_BATTERY
3.6452895915710584,2.424193920278973,17.411084507958012,0.5925490689276893,0.04190476190476211,PRISMATIC_BATTERY
3.643663117141288,3.857694350591885,16.866581749360883,0.6176339740548116,0.05479853479853469,PRISMATIC_BATTERY
3.6441200481392726,3.0377774516801246,16.108051093708436,0.5710813028671542,0.04190476190476167,PRISMATIC_BATTERY
3.6453693061032584,2.216108132726339,16.675969509060447,0.62319221572173,0.037069597069597116,PRISMATIC_BATTERY
3.6461098841924886,1.7238255736331576,17.148902527079525,0.6207329925777306,0.029010989010989086,PRISMATIC_BATTERY
3.644812716322855,3.1011576584107745,17.852181330674266,0.6457641326706226,0.04835164835164818,PRISMATIC_BATTERY
3.646330929055511,2.3150281678154014,16.198435088525738,0.6041723489834377,0.04351648351648363,PRISMATIC_BATTERY
3.646464442858696,2.079907160966086,18.814263433832448,0.6495364941808555,0.029010989010989086,PRISMATIC_BATTERY
3.643604245372869,2.6874747783435806,16.244526738123486,0.6156634589872515,0.037069597069597116,PRISMATIC_BATTERY
3.643458465433778,2.866446223638681,16.867099803872332,0.6162133733847308,0.03868131868131863,PRISMATIC_BATTERY
3.643255224668745,3.5708117438588434,17.985631140492764,0.6338733452474987,0.040293040293040594,PRISMATIC_BATTERY
3.6472740515465096,2.7049838692399537,18.7038878780572,0.636313847883588,0.04996336996337014,PRISMATIC_BATTERY
3.6440632652562264,2.711300012416141,17.105847754685183,0.6362253195101082,0.04190476190476211,PRISMATIC_BATTERY
3.64382903341648,2.54549704449543,17.919440506639052,0.6564540383149324,0.04029304029304015,PRISMATIC_BATTERY
3.6440632260498376,2.38977508817946,16.545480044818227,0.5895378115663891,0.035457875457875154,PRISMATIC_BATTERY
3.6440486020373895,2.723311597853425,18.479525471016686,0.6220812338299918,0.045128205128205146,PRISMATIC_BATTERY
3.644353224170249,3.3685654592886976,19.669278192816048,0.6990819789533076,0.04512820512820559,PRISMATIC_BATTERY
3.6456911536594117,1.9421810078684725,16.869757532536166,0.5858142189375372,0.03545787545787604,PRISMATIC_BATTERY
3.6434078127135656,2.4516165740869322,17.640912964452962,0.6201265619902268,0.032234432234432564,PRISMATIC_BATTERY
3.6452810884184625,2.6874706444907606,16.698051629948075,0.6022015773993439,0.03868131868131863,PRISMATIC_BATTERY
3.6469973772269784,2.9933225505200522,17.03762674000475,0.6227831419247415,0.0499633699633697,PRISMATIC_BATTERY
3.6441439938803573,3.1133582397931168,18.11297622342848,0.5807163366771102,0.04351648351648363,PRISMATIC_BATTERY
3.643265504353818,3.5504892681156086,15.325884467599478,0.5969669471288317,0.04673992673992711,PRISMATIC_BATTERY
3.6443954298090664,2.7050491245182777,14.72205690531379,0.5537261467251,0.04029304029304015,PRISMATIC_BATTERY
3.6465042269500514,3.194310028084876,16.654598871734592,0.602956780398853,0.0451282051282047,PRISMATIC_BATTERY
3.6442547905598515,2.218799708235753,17.18256100595989,0.6175378621861075,0.032234432234432564,PRISMATIC_BATTERY
3.6451138236509646,5.029875453964717,16.567657581885676,0.597303121755244,0.06446886446886424,PRISMATIC_BATTERY
3.644255731463604,5.12676905699752,18.658672871772957,0.6446566528568126,0.05802197802197817,PRISMATIC_BATTERY
3.6432500643165078,2.5326914641628795,18.103277145857128,0.6241538035787646,0.04351648351648407,PRISMATIC_BATTERY
3.6455022084751514,4.119923941455155,17.761922705134587,0.6259492753829105,0.059633699633699244,PRISMATIC_BATTERY
3.6456011481555963,2.5142420681170368,17.343490356647926,0.6062840458766531,0.0354578754578756,PRISMATIC_BATTERY
3.643355061340229,2.7499657874930565,17.002257903910365,0.6142457781419582,0.04190476190476211,PRISMATIC_BATTERY
3.642822902624918,3.726914300142984,18.25764952289713,0.6279216943448586,0.04835164835164818,PRISMATIC_BATTERY
3.6425836650625474,3.527097909914467,16.535870749730726,0.6080143924119675,0.05802197802197817,PRISMATIC_BATTERY
3.6444804650689453,2.77536995061133,16.119888702598853,0.5727683802473924,0.03545787545787604,PRISMATIC_BATTERY
3.6436778175573705,3.2189550873261266,17.01228258409085,0.6174845706285855,0.048351648351648624,PRISMATIC_BATTERY
3.644393697757003,2.5964405570940654,16.648149514199748,0.6122817466034802,0.04190476190476211,PRISMATIC_BATTERY
3.644255959561447,3.453816208934997,17.348284317131082,0.6154875400501609,0.03868131868131863,PRISMATIC_BATTERY
3.644141349288863,3.9638936559291316,17.52602410158852,0.6438622995226029,0.045128205128205146,PRISMATIC_BATTERY
3.646303905838216,3.0671802875240766,16.124633659759336,0.5845643279322575,0.04351648351648363,PRISMATIC_BATTERY
3.644586269462486,3.9027535050841964,15.295026087558629,0.5823535161909923,0.07413919413919423,PRISMATIC_BATTERY
3.645435458613329,2.371151834361735,16.989790708693665,0.6124812717448155,0.03868131868131863,PRISMATIC_BATTERY
3.64373284912915,2.982725798289953,16.483271280732435,0.6129981411082018,0.0451282051282047,PRISMATIC_BATTERY
3.6437712408087446,3.6355375797059652,18.347622079047877,0.6599864752969459,0.04673992673992711,PRISMATIC_BATTERY
3.6464819280372276,2.417793175583371,15.931628411371788,0.5710700246375291,0.03868131868131863,PRISMATIC_BATTERY
3.644909221326158,2.318020286931878,17.461542061728306,0.633578082364103,0.03868131868131863,PRISMATIC_BATTERY
3.6455392169791527,2.78884948715085,18.344861475488912,0.6443149577496697,0.04673992673992711,PRISMATIC_BATTERY
3.6461364101411218,3.3236482522478137,18.49036345574376,0.6508070509630135,0.05479853479853514,PRISMATIC_BATTERY
3.6458683614770333,3.172994418496127,18.417813743194262,0.6639131752598413,0.043516483516483184,PRISMATIC_BATTERY
3.644652502112474,2.1355027825773845,16.261575116030833,0.5975306522326053,0.032234432234432564,PRISMATIC_BATTERY
3.644499166109393,3.3872112594567247,15.520506390818998,0.5982530532243752,0.061245421245421205,PRISMATIC_BATTERY
3.6444546683452335,3.078156796612171,18.818152258752832,0.6718877725924832,0.03545787545787604,PRISMATIC_BATTERY
3.644853498390385,3.2560425163798468,16.79006741867283,0.5865897986641064,0.0451282051282047,PRISMATIC_BATTERY
3.6428883205608025,3.3704923580046744,18.103231709030837,0.6247746415351004,0.04835164835164818,PRISMATIC_BATTERY
3.644276242392239,2.5638990761126284,16.152928503463947,0.6032148199965494,0.04351648351648407,PRISMATIC_BATTERY
3.646056316968466,2.7402776617154876,17.27284667805295,0.6045452017501715,0.0499633699633697,PRISMATIC_BATTERY
3.646376682665499,2.5660979647443,16.775336150897648,0.5832999166750892,0.040293040293040594,PRISMATIC_BATTERY
3.6452011688601353,4.04312311025106,17.83271728362891,0.5829880568582878,0.05157509157509166,PRISMATIC_BATTERY
3.6431272849925764,8.423977170399791,17.042287032560232,0.6462245126974206,0.05802197802197817,PRISMATIC_BATTERY
3.6456736860640677,3.6869878760202797,17.70796798544673,0.6173583380289343,0.04673992673992666,PRISMATIC_BATTERY
3.6470630586067965,2.0825631153396458,17.156929046569537,0.6051429507613358,0.037069597069597116,PRISMATIC_BATTERY
3.645032571326039,5.385323272537058,16.576370285296722,0.6032874544441253,0.0660805860805862,PRISMATIC_BATTERY
3.6466859826698736,2.6618960866992247,17.682684703545494,0.6298427738570762,0.04835164835164818,PRISMATIC_BATTERY
3.6438688641035126,3.5660866694272824,18.222492222687354,0.6527809041006872,0.045128205128205146,PRISMATIC_BATTERY
3.6461862163496153,2.3745382636213255,16.78697091283489,0.5854972298543245,0.045128205128205146,PRISMATIC_BATTERY
3.6469077102443115,1.9698126479727862,16.202311273253038,0.616238583827232,0.032234432234432564,PRISMATIC_BATTERY
3.6458193738639375,2.5530041881871908,17.36843956286514,0.648058508654717,0.03384615384615364,PRISMATIC_BATTERY
3.646457641461345,2.3029763326203536,18.568652112828726,0.6435101541618075,0.03706959706959756,PRISMATIC_BATTERY
3.6477381410696657,3.7117490830082116,16.72353181908711,0.6104183146776443,0.05479853479853514,PRISMATIC_BATTERY
3.6467314041571437,3.67583113921479,17.41087221752597,0.6254227147796627,0.04996336996337014,PRISMATIC_BATTERY
3.644924358575094,2.3584322517234453,17.606813000517853,0.6144283124542099,0.030622710622710603,PRISMATIC_BATTERY
3.646070861683086,2.2084319778606383,19.806604183761543,0.6467919265716048,0.04673992673992711,PRISMATIC_BATTERY
3.646698765422742,2.599100198509118,18.309606431871224,0.6368110089076554,0.04835164835164818,PRISMATIC_BATTERY
3.6472613366900775,3.2989738996525992,18.22962618252581,0.6630049260036183,0.04835164835164818,PRISMATIC_BATTERY
3.646819497720274,2.1669084393863125,18.611031544045503,0.6356029126469976,0.03384615384615408,PRISMATIC_BATTERY
3.6465790371056674,2.741011890594374,16.71221698000733,0.5924310175537304,0.04190476190476211,PRISMATIC_BATTERY
3.6462870645359193,2.82567712261989,18.030797015789922,0.6530105130072,0.0451282051282047,PRISMATIC_BATTERY
3.6470612530346034,2.0736792353600024,17.699342677552682,0.6218534740706342,0.0354578754578756,PRISMATIC_BATTERY
3.643721811513236,3.039823929335471,19.056787758201008,0.6688525768353415,0.03868131868131863,PRISMATIC_BATTERY
3.6453597485036986,3.532081597902758,17.84998872162005,0.644927822678067,0.04351648351648407,PRISMATIC_BATTERY
3.6461961832090846,2.027800820315977,18.461024763948334,0.6671570579315533,0.025787545787545607,PRISMATIC_BATTERY
3.6449282390885327,2.034201054350037,16.126552414964593,0.6195627930765354,0.03868131868131863,PRISMATIC_BATTERY
3.644894786005019,2.4120708059416054,18.150980319739453,0.6067272473928463,0.0499633699633697,PRISMATIC_BATTERY
3.6468505184566564,2.5252747949224252,15.761577821738053,0.5734370804868996,0.04190476190476167,PRISMATIC_BATTERY
3.6473695085937856,1.8998779179464644,15.829645915745914,0.586579211182494,0.0354578754578756,PRISMATIC_BATTERY
3.646497040948391,2.177976891670079,15.246630051794059,0.5528497066449672,0.03384615384615408,PRISMATIC_BATTERY
3.6441916924295525,2.790398621077154,19.308170206255237,0.6719979504498204,0.03384615384615408,PRISMATIC_BATTERY
3.6455479582349715,2.96069435891218,17.568197033919482,0.6524809846227745,0.0451282051282047,PRISMATIC_BATTERY
3.6453848939332145,3.065767814881214,18.03046137762245,0.6446847481810877,0.04835164835164818,PRISMATIC_BATTERY
3.646699691449351,3.453324705348347,16.586391363847714,0.612579069899029,0.05479853479853469,PRISMATIC_BATTERY
3.643073164091314,3.0654654890103337,17.548122613734957,0.6371619159390041,0.045128205128205146,PRISMATIC_BATTERY
3.6483183773289114,2.462011051526905,19.15035516078743,0.6708526897961773,0.04190476190476211,PRISMATIC_BATTERY
3.647162994031149,2.6382105875137385,16.671144234681893,0.578726682437833,0.04996336996337014,PRISMATIC_BATTERY
3.646198548464086,2.5933453635870682,18.4202088715089,0.6561022684697406,0.045128205128205146,PRISMATIC_BATTERY
3.646299811285942,3.488612929064074,17.835510640748062,0.6393131737477704,0.05318681318681362,PRISMATIC_BATTERY
3.646119126351469,6.482732915487248,18.707515693995276,0.6706547923380904,0.06769230769230772,PRISMATIC_BATTERY
3.6468840604439303,4.249284597905573,19.005124815503194,0.6729382692151936,0.05963369963369969,PRISMATIC_BATTERY
3.644474009222982,2.880820603603413,16.99660744525425,0.6128911864647366,0.03868131868131908,PRISMATIC_BATTERY
3.6446023043208933,3.6447612928475808,18.708935337669825,0.6562885372901114,0.04029304029304015,PRISMATIC_BATTERY
3.6460408175038443,2.7419277595286444,15.162270907932728,0.5925407372095629,0.04835164835164818,PRISMATIC_BATTERY
3.645266800654581,2.3674645967369297,16.180806967076265,0.553589832563523,0.040293040293040594,PRISMATIC_BATTERY
3.6445176639188386,5.723294009445977,20.164661498495867,0.7157676976064485,0.07252747252747227,PRISMATIC_BATTERY
3.645182708368862,2.8389537344356968,17.526810452651375,0.6299973398632013,0.03868131868131863,PRISMATIC_BATTERY
3.6461822623699405,2.9953083238642093,18.284090213189995,0.6554027509776108,0.04351648351648363,PRISMATIC_BATTERY
3.645418552729769,2.9517345292275237,17.30792482695831,0.6340547430624975,0.053186813186813175,PRISMATIC_BATTERY
3.6453770323308485,4.309231375603416,17.982231552954023,0.6387047132932826,0.053186813186813175,PRISMATIC_BATTERY
3.644821156425568,2.9470101930975168,15.756662256189411,0.5690184609100848,0.04190476190476211,PRISMATIC_BATTERY
3.644499428048011,2.9393315450322826,16.880346963438484,0.5993869118043227,0.04029304029304015,PRISMATIC_BATTERY
3.6464274188116996,4.115471485342715,16.981168379784823,0.5610618340773106,0.04996336996337014,PRISMATIC_BATTERY
3.644345093046756,2.5778556130567862,15.998835575671876,0.5750522844433121,0.04029304029304015,PRISMATIC_BATTERY
3.6462161667158677,2.3691286068404946,17.28110008290223,0.6154522446338425,0.04029304029304015,PRISMATIC_BATTERY
3.64763229101223,2.026090378684405,17.417996575909847,0.6185580467879257,0.030622710622710603,PRISMATIC_BATTERY
3.64457796958252,2.849262601245602,18.342423358790167,0.6173997765306434,0.03868131868131863,PRISMATIC_BATTERY
3.6460176714902626,3.1313279247492742,18.20322192271032,0.6408519472867458,0.056410256410256654,PRISMATIC_BATTERY
3.6472861378302253,2.227442115146223,18.764718070387705,0.6353104916322295,0.03706959706959667,PRISMATIC_BATTERY
3.6459463605396283,2.2978132947572205,16.438468931898587,0.5748779557968522,0.030622710622710603,PRISMATIC_BATTERY
3.6466192722851445,2.274346496725451,16.98297633738874,0.6243329288621569,0.045128205128205146,PRISMATIC_BATTERY
3.6470474209686645,3.360587091751723,18.67873718231584,0.6302490557464301,0.053186813186813175,PRISMATIC_BATTERY
3.647602302423111,2.0811803560363487,17.462492663207172,0.6160376790897557,0.03384615384615364,PRISMATIC_BATTERY
3.6451121560777096,2.085592035779964,15.737129925323178,0.6001627449150881,0.04190476190476167,PRISMATIC_BATTERY
3.647883632484615,5.034607935133519,18.087027476155246,0.6388525630151924,0.061245421245421205,PRISMATIC_BATTERY
3.6459260282204173,2.2840548335090913,17.98643799197741,0.6315821777551726,0.037069597069597116,PRISMATIC_BATTERY
3.6451942867172544,3.338393076482574,16.804356309185128,0.5332628002932809,0.053186813186813175,PRISMATIC_BATTERY
3.6453531338819123,3.9889313651077725,17.94720184837968,0.6446846191649725,0.05802197802197773,PRISMATIC_BATTERY
3.6442656875647534,2.673671654806769,19.129905658023514,0.6244686368839818,0.03868131868131908,PRISMATIC_BATTERY
3.645934027572149,2.329828371180207,17.320481796526582,0.5828185785797707,0.03868131868131908,PRISMATIC_BATTERY
3.6450620822031685,2.4952747121049974,17.280025597227397,0.5979244869642566,0.04190476190476211,PRISMATIC_BATTERY
3.646905183403746,3.0780520999027603,18.05129170546546,0.6483616559534569,0.06124542124542165,PRISMATIC_BATTERY
3.646041811380938,2.8065955570820043,16.990169160397084,0.6012069395947385,0.051575091575091214,PRISMATIC_BATTERY
3.6437638426756855,3.4058650437252718,18.974967667392605,0.6542993900221805,0.045128205128205146,PRISMATIC_BATTERY
3.644880307865691,2.9259313650794385,16.093314036287804,0.6050284653582957,0.0499633699633697,PRISMATIC_BATTERY
3.6445223698777283,2.1816374280916633,18.856813276053295,0.6638686371334029,0.035457875457875154,PRISMATIC_BATTERY
3.6434845187456797,5.745784265113703,17.929640945109924,0.6171855751481291,0.0660805860805862,PRISMATIC_BATTERY
3.644740225423289,4.420898511113488,19.800062950046573,0.6708777153679645,0.056410256410256654,PRISMATIC_BATTERY
3.6450341284744043,3.6391196851255083,18.064226109125965,0.6382301060147181,0.0660805860805862,PRISMATIC_BATTERY
3.644133117896449,2.7473452381554324,18.271784017245185,0.6746422480437401,0.027399267399267124,PRISMATIC_BATTERY
3.6439735153811723,2.1399931966833967,16.86375253221029,0.6036022688943475,0.030622710622710603,PRISMATIC_BATTERY
3.6430264812491493,4.318681953691448,17.218191961935418,0.6219967950737627,0.05963369963369969,PRISMATIC_BATTERY
3.6461663680408156,2.602101944435002,17.185251870830008,0.6299039026032318,0.04029304029304015,PRISMATIC_BATTERY
3.6431209408331418,2.804344854551719,16.985922965124917,0.6120796053502102,0.04351648351648363,PRISMATIC_BATTERY
3.645208008232849,2.8628619640833506,17.85086171821888,0.6359680192396853,0.04190476190476211,PRISMATIC_BATTERY
3.6452423385188455,2.897007960440765,16.61360418189315,0.6242651867130906,0.0499633699633697,PRISMATIC_BATTERY
3.6469239752917133,2.169957236648509,17.403095682290502,0.6051335906529959,0.040293040293040594,PRISMATIC_BATTERY
3.6432083623417175,3.133564764607294,15.065113501832235,0.4782756121335056,0.04351648351648363,PRISMATIC_BATTERY
3.6440863630922338,3.2627059725800107,16.742938936926578,0.6364468898127368,0.04190476190476167,PRISMATIC_BATTERY
3.6439402317497245,2.987366754934689,16.861542581466345,0.6307861928402873,0.0451282051282047,PRISMATIC_BATTERY
3.6422240428724555,3.4968002595788987,18.886895427713622,0.681345710506599,0.04029304029304015,PRISMATIC_BATTERY
3.6481754167536624,2.761072889602621,16.351019566026547,0.6323188307686961,0.048351648351648624,PRISMATIC_BATTERY
3.6465722145514627,3.2348204702521115,18.500748317286984,0.6585121519720778,0.059633699633699244,PRISMATIC_BATTERY
3.6447913798983596,3.0360999642230064,16.34656342903798,0.6082874238300748,0.05802197802197817,PRISMATIC_BATTERY
3.6447189990452813,3.155530838935455,16.813474004524956,0.621069443138329,0.053186813186813175,PRISMATIC_BATTERY
3.6446602975686333,2.857270414673085,17.29770757204155,0.6355808856354073,0.04835164835164818,PRISMATIC_BATTERY
3.6417112741586037,2.88672194152874,17.155083792338132,0.6100910807101017,0.040293040293040594,PRISMATIC_BATTERY
3.6466436005249108,2.2832125820041362,17.07326166379427,0.5687286660991112,0.04835164835164818,PRISMATIC_BATTERY
3.64546279823614,7.081294816213828,17.003257999950495,0.6308511400641673,0.08380952380952378,PRISMATIC_BATTERY
3.645513124909525,2.5824959893696873,18.879576674172437,0.6687346669583077,0.02901098901098953,PRISMATIC_BATTERY
3.6467876789319185,1.904981472152704,17.481761364623413,0.6406609790473358,0.032234432234432564,PRISMATIC_BATTERY
3.646302767770429,2.528138132577904,15.86699065241339,0.6035461354486052,0.05479853479853469,PRISMATIC_BATTERY
3.646173914471743,2.690123471893845,18.079375685988452,0.6474354364276751,0.04190476190476211,PRISMATIC_BATTERY
3.643815609687141,2.4377273715764196,16.974254260814316,0.6154993454167412,0.04029304029304015,PRISMATIC_BATTERY
3.6459973947847852,2.8084917502290714,16.602092731679825,0.6064588631326864,0.043516483516483184,PRISMATIC_BATTERY
3.64761777032746,2.6486052015308257,16.86191087843059,0.5773624253652733,0.048351648351648624,PRISMATIC_BATTERY
3.647665231174294,5.193909069404249,18.85509521607227,0.6606398785077889,0.05641025641025621,PRISMATIC_BATTERY
3.6454649769175327,2.8691209363026964,16.81208120957195,0.6226093904793749,0.04190476190476211,PRISMATIC_BATTERY
3.6470700867969477,3.983886956398577,15.428989650548521,0.5527354038643784,0.04996336996337014,PRISMATIC_BATTERY
3.6450547543917526,4.479969445506184,18.041590943347483,0.6173449934562282,0.061245421245421205,PRISMATIC_BATTERY
3.6451678536806127,3.028993703762199,17.04843571320141,0.6163942898263384,0.04835164835164818,PRISMATIC_BATTERY
3.6478672114935997,2.7942761739137394,17.71547120222395,0.6170404163995523,0.0451282051282047,PRISMATIC_BATTERY
3.6460224930690406,2.566079878432619,17.489560259146163,0.6530325191544238,0.04190476190476211,PRISMATIC_BATTERY
3.6486650092561095,3.0706945543308453,16.477891513546407,0.611205199923303,0.04835164835164818,PRISMATIC_BATTERY
3.6468863611465525,2.298157293296021,16.137388495523506,0.5967000810298959,0.04190476190476167,PRISMATIC_BATTERY
3.6444911546987644,2.4277386410931396,16.60034466819341,0.5925189694323626,0.04029304029304015,PRISMATIC_BATTERY
3.6441501972575923,2.3744036266164623,16.876002512839698,0.6484927758655558,0.032234432234432564,PRISMATIC_BATTERY
3.645546558067831,2.504322083819841,18.118658511319598,0.6104356321640818,0.04190476190476167,PRISMATIC_BATTERY
3.6459748861559578,3.4735031022039036,17.97534727791644,0.6572056378490126,0.05479853479853469,PRISMATIC_BATTERY
3.6440312121104697,2.300926628743731,18.406659847179693,0.6639070798795624,0.03868131868131863,PRISMATIC_BATTERY
3.6465802872825797,4.045662028309961,17.02217374805764,0.6083270600827715,0.05963369963369969,PRISMATIC_BATTERY
3.6446461142805404,2.6302101135297207,17.620390850531038,0.5916242979883902,0.04673992673992711,PRISMATIC_BATTERY
3.64555524942743,6.153532603002878,19.5412824590237,0.6812344204964339,0.06446886446886468,PRISMATIC_BATTERY
3.6453525602459536,3.358417732729495,18.00859830373909,0.6475761400248776,0.0499633699633697,PRISMATIC_BATTERY
3.643755977575813,2.6144059554125563,17.64968694966004,0.6287257413249117,0.03868131868131863,PRISMATIC_BATTERY
3.6449824963581827,2.785641848873985,16.089520057379637,0.5804758116834747,0.040293040293040594,PRISMATIC_BATTERY
3.646497169174567,2.1503780582677736,19.31143363074504,0.6967956347398724,0.03868131868131863,PRISMATIC_BATTERY
3.6443299248801067,3.180354485721524,17.041169398506472,0.5873875172727234,0.04673992673992666,PRISMATIC_BATTERY
3.647001615230579,2.5187200977124204,17.96158654547281,0.6164214756586739,0.04512820512820559,PRISMATIC_BATTERY
3.6451035990632006,2.6454598854201974,18.049219805796827,0.6513385850276416,0.043516483516483184,PRISMATIC_BATTERY
3.6430700267264458,2.299041385294735,17.552912966259314,0.6494724241062525,0.037069597069597116,PRISMATIC_BATTERY
3.647239580134282,2.1126569192091256,16.890041228271286,0.6021029273156745,0.04673992673992666,PRISMATIC_BATTERY
3.645676689370632,2.9612089527596672,17.23284821719286,0.6104860048594337,0.04835164835164818,PRISMATIC_BATTERY
3.646935145672551,3.967979545877787,17.292851413288073,0.6404378528164067,0.06446886446886424,PRISMATIC_BATTERY
3.643814604509454,3.6061227119558774,17.08521206863843,0.6117874236471029,0.05479853479853514,PRISMATIC_BATTERY
3.647301514488034,2.189870971152672,16.841078907774254,0.5816617047096249,0.03223443223443212,PRISMATIC_BATTERY
3.644217744063519,3.516528789008498,16.955360387251197,0.6262905424801544,0.05479853479853469,PRISMATIC_BATTERY
3.645427639874608,3.8199025865473475,17.986770910988398,0.6399121229241027,0.061245421245421205,PRISMATIC_BATTERY
3.6456175116624085,2.312123689659714,18.591867726192273,0.6543999981414297,0.037069597069597116,PRISMATIC_BATTERY
3.6460580339816375,2.8347895877059046,16.662316672700292,0.608677507749494,0.051575091575091214,PRISMATIC_BATTERY
3.646219543597106,2.353817280126307,17.777817525303057,0.611099327314962,0.043516483516483184,PRISMATIC_BATTERY
3.6449015582480855,2.850519074973266,15.354679011483958,0.5575662759171397,0.048351648351648624,PRISMATIC_BATTERY
3.646442375225549,2.1883962626390168,15.495122172051373,0.5528417079376728,0.03868131868131863,PRISMATIC_BATTERY
3.643416412924188,2.996937177684342,17.76189067241348,0.637697772064854,0.03384615384615408,PRISMATIC_BATTERY
3.646747680675678,2.1015115672494615,16.419702550862084,0.624998644851759,0.03384615384615408,PRISMATIC_BATTERY
3.6457760536024018,3.119882799688617,16.072876808248594,0.5953588985296772,0.06285714285714272,PRISMATIC_BATTERY
3.6444520221972607,3.244653185696863,17.08259799480429,0.6150767702269998,0.05318681318681273,PRISMATIC_BATTERY
3.64727972612224,2.0151287546101373,15.641418759947834,0.5563281375698851,0.035457875457875154,PRISMATIC_BATTERY
3.6484806697400436,2.1458963772159914,16.11401972684288,0.5916206340532136,0.03868131868131908,PRISMATIC_BATTERY
3.64364688744233,2.795441692798421,18.023839713189776,0.6572943899974117,0.04351648351648363,PRISMATIC_BATTERY
3.6464174223079873,1.9252673264287328,16.57982310390016,0.6037765220254232,0.0354578754578756,PRISMATIC_BATTERY
3.6448747275485425,2.717751139625297,16.552408165119495,0.6123739864750855,0.03384615384615408,PRISMATIC_BATTERY
3.6438716265181204,3.1153265212976504,16.646093019657265,0.6063005649174833,0.045128205128205146,PRISMATIC_BATTERY
3.6447646695478104,2.2704904844337177,17.90890728764294,0.6192417748227041,0.03384615384615408,PRISMATIC_BATTERY
3.6431703034141547,3.2310385288895107,17.357411897108907,0.5984686830284986,0.04835164835164818,PRISMATIC_BATTERY
3.6460656875045805,4.493111184619383,16.200002998846784,0.5977560086242009,0.059633699633699244,PRISMATIC_BATTERY
3.6425715186047687,2.8390229579403083,15.476007436660282,0.5837898577345594,0.03384615384615364,PRISMATIC_BATTERY
3.646888807867409,2.3434764632235905,18.03553189424743,0.640727493587043,0.05479853479853469,PRISMATIC_BATTERY
3.644412386769126,3.152741650622299,17.37158208518696,0.6127434080550804,0.04835164835164818,PRISMATIC_BATTERY
3.6442008467871654,3.287884311930097,17.708270069240367,0.6410467686728761,0.05318681318681273,PRISMATIC_BATTERY
3.6443295542286274,3.1094950015298632,17.85156778139021,0.6278518254641473,0.04996336996337014,PRISMATIC_BATTERY
3.6462984968962857,3.8395872561059625,15.54863682561593,0.5726112939278721,0.045128205128205146,PRISMATIC_BATTERY
3.644732768676528,2.385036859130019,17.559641024216486,0.6218242430528501,0.043516483516483184,PRISMATIC_BATTERY
3.6445468546646023,2.9730584300195217,17.494026337661705,0.5354228519818288,0.04673992673992666,PRISMATIC_BATTERY
3.642625133509444,2.5858787923935047,19.431608898566143,0.6807666440295982,0.032234432234432564,PRISMATIC_BATTERY
3.6439512401894243,3.3757729230253646,17.88599349291683,0.6630719364254867,0.04673992673992711,PRISMATIC_BATTERY
3.6464403378229373,2.3663702596053904,17.649838723733946,0.6328368714517426,0.04190476190476211,PRISMATIC_BATTERY
3.6454277538868674,2.585132945255676,17.9293655727372,0.6416926679104052,0.04190476190476211,PRISMATIC_BATTERY
3.6443438599227833,3.0011754571973466,18.588181811526443,0.6664398364139571,0.037069597069597116,PRISMATIC_BATTERY
3.644788169178826,2.2254103019482305,17.864731476870006,0.602054703070641,0.037069597069597116,PRISMATIC_BATTERY
3.644617150623175,2.790815224380543,17.27238122783745,0.642446804400197,0.03384615384615408,PRISMATIC_BATTERY
3.6458281892603774,4.051404442979511,18.184703364452982,0.638182609025164,0.04835164835164818,PRISMATIC_BATTERY
3.643683447829539,3.0452220224074678,16.108977021409075,0.565510829744677,0.04673992673992666,PRISMATIC_BATTERY
3.6457972417633817,3.703410448190911,18.18472075817089,0.625404030406976,0.05963369963370013,PRISMATIC_BATTERY
3.643773162075244,2.9707616512658004,19.00778167049828,0.6820160814659197,0.04029304029304015,PRISMATIC_BATTERY
3.646539282324874,3.7245915899707134,17.08994530452897,0.632383069171689,0.05479853479853469,PRISMATIC_BATTERY
3.6447201180079403,8.607232114189916,17.883728938822564,0.6534543811899164,0.07736263736263727,PRISMATIC_BATTERY
3.6461680066346505,2.4148514290576344,17.393004213265645,0.576186348146272,0.04029304029304015,PRISMATIC_BATTERY
3.64559525007847,4.35656728375505,17.358801159925957,0.6474212501056825,0.05802197802197817,PRISMATIC_BATTERY
3.644773843847445,2.5481170961157376,16.067298540393097,0.5743203986395418,0.04190476190476167,PRISMATIC_BATTERY
3.645752417836419,2.6987179570248934,16.68336153378758,0.6101929690416276,0.04996336996337014,PRISMATIC_BATTERY
3.6450852485375407,2.9253195808808967,17.68497088239852,0.6386723173494671,0.04029304029304015,PRISMATIC_BATTERY
3.6472640680465345,5.04984963073108,19.87292290435634,0.6894204207336514,0.06930402930402968,PRISMATIC_BATTERY
3.646285481207285,4.192795016204837,17.132502998281996,0.6053198131159995,0.06285714285714317,PRISMATIC_BATTERY
3.6464696289379126,2.9114242085846556,15.805242960641257,0.5721541537050914,0.0499633699633697,PRISMATIC_BATTERY
3.645102205851775,2.2934947589084325,17.233319945020394,0.6228713614322505,0.032234432234432564,PRISMATIC_BATTERY
3.6456769138169305,2.861714036222021,16.681412850308067,0.5816192116901351,0.04996336996337014,PRISMATIC_BATTERY
3.646877729942768,2.4315818285807773,17.876395406595087,0.6200217348979119,0.04835164835164818,PRISMATIC_BATTERY
3.6426364703943315,3.266340942278146,16.35489209270348,0.5641388354868644,0.04190476190476167,PRISMATIC_BATTERY
3.6459665876559373,2.6710035530977336,17.51439288380061,0.5966210164377845,0.04029304029304015,PRISMATIC_BATTERY
3.6443849323492126,2.876595152412641,17.28449761935387,0.6083312405339284,0.03384615384615408,PRISMATIC_BATTERY
3.6433716416987543,3.2204417916143417,15.462519320095518,0.5789329240992255,0.04673992673992666,PRISMATIC_BATTERY
3.6452308600891956,3.268814394923447,20.50645880513917,0.6916127921066095,0.04512820512820559,PRISMATIC_BATTERY
3.644016352728192,3.2700252580026263,16.381940818621523,0.603225417374691,0.05318681318681362,PRISMATIC_BATTERY
3.646707382803578,2.455522009727446,18.009676997836962,0.6416988923527512,0.040293040293040594,PRISMATIC_BATTERY
3.6481558391633673,2.3490118842350562,17.72683441856167,0.6202990056873915,0.03223443223443212,PRISMATIC_BATTERY
3.645635556681106,2.633336026025285,18.321429799935654,0.6395822390113707,0.03384615384615364,PRISMATIC_BATTERY
3.644499125125798,2.424950828628129,17.67828336122135,0.6463974333541047,0.03706959706959756,PRISMATIC_BATTERY
3.644283079936797,2.6480798640713865,19.18993951095479,0.6437733892255445,0.051575091575091214,PRISMATIC_BATTERY
3.6460959630238543,2.6539792975006176,17.717778657001652,0.593830731407711,0.045128205128205146,PRISMATIC_BATTERY
3.6475241001953993,3.3252007748545047,16.832127290013872,0.6008700902117962,0.05802197802197773,PRISMATIC_BATTERY
3.644377107792755,2.5870062194940147,17.615459588181373,0.596772343030065,0.03545787545787604,PRISMATIC_BATTERY
3.6452569577422715,2.6828607600935115,16.0938184150449,0.5933628510311201,0.0354578754578756,PRISMATIC_BATTERY
3.645047544153012,4.075058527738304,16.276974096651504,0.5761732734898364,0.05479853479853469,PRISMATIC_BATTERY
3.642340371620549,4.144735160477948,18.07218099255517,0.6540623212392136,0.04996336996337014,PRISMATIC_BATTERY
3.6453850364502096,3.7144677890368962,17.94637083182292,0.6312711020543592,0.05318681318681362,PRISMATIC_BATTERY
3.6454512991234913,3.508560784930843,15.728937011039651,0.5289210374663088,0.05157509157509166,PRISMATIC_BATTERY
3.644893510306153,2.395474829684413,18.572898216269223,0.619732979895098,0.03706959706959756,PRISMATIC_BATTERY
3.6461687155043636,2.7857531248689904,18.22555035645513,0.6058347617129407,0.051575091575091214,PRISMATIC_BATTERY
3.6473183653503063,2.3998674234075197,17.64150633390021,0.596739893316527,0.03384615384615364,PRISMATIC_BATTERY
3.647139890751393,5.035241557969701,18.424304461596293,0.628927938849594,0.07736263736263727,PRISMATIC_BATTERY
3.645208061679316,2.8207687000845483,18.366004866075478,0.6572424517885984,0.04351648351648363,PRISMATIC_BATTERY
3.6454254273234907,3.0741644284994276,18.007117028266414,0.6260491377463406,0.04512820512820559,PRISMATIC_BATTERY
3.6442808488707614,2.807013877074435,16.555192955773915,0.6323263871869262,0.04029304029304015,PRISMATIC_BATTERY
3.646499135308702,1.9951625752786915,17.133977016758443,0.6135455121469011,0.0354578754578756,PRISMATIC_BATTERY
3.6426282462981465,2.765171547495092,16.89353602261104,0.596658710993327,0.03868131868131863,PRISMATIC_BATTERY
3.644542629843387,2.7860590884701963,15.981917195007142,0.6179413395736074,0.04673992673992666,PRISMATIC_BATTERY
3.6455141046792887,1.9720613090254717,16.21901010631304,0.610282410302291,0.030622710622710603,PRISMATIC_BATTERY
3.6448441995703753,2.2417461933082157,18.230194904378035,0.6541625266618886,0.03384615384615408,PRISMATIC_BATTERY
3.6467466656213943,3.3430116088149684,17.910669052146517,0.6599778051901594,0.0499633699633697,PRISMATIC_BATTERY
3.6427507215471207,2.851828059966716,15.468184837741541,0.5821536784952448,0.045128205128205146,PRISMATIC_BATTERY
3.644575519528466,4.316656255244146,14.948634272102568,0.540230860484154,0.05802197802197773,PRISMATIC_BATTERY
3.6432843203625462,2.9130549337325626,16.046243272568766,0.5599983530805223,0.03868131868131908,PRISMATIC_BATTERY
3.643685864619862,3.7219979615584924,16.578754121800664,0.6040890042851361,0.0515750915750921,PRISMATIC_BATTERY
3.6452324599097436,3.0640445429850303,18.593538820298328,0.6377275807335474,0.04190476190476211,PRISMATIC_BATTERY
3.643390984760856,4.0529404622773315,16.637117571933423,0.6090174410057665,0.05963369963370013,PRISMATIC_BATTERY
3.645943234553118,2.545416949236627,17.73868408072424,0.6476174612144635,0.04835164835164818,PRISMATIC_BATTERY
3.6431349072386405,5.474406282345248,16.67965852183226,0.6043869399657447,0.07413919413919423,PRISMATIC_BATTERY
3.64275666701584,2.9358264712178346,19.14243115728834,0.6307905880946088,0.04029304029304015,PRISMATIC_BATTERY
3.6455394699361063,2.406681614068076,15.773962921731352,0.5934742181371593,0.04351648351648363,PRISMATIC_BATTERY
3.6452500899569453,2.6993262679195316,19.11397109638913,0.6645085229490368,0.04835164835164818,PRISMATIC_BATTERY
3.6452277976245173,4.493803057715406,16.42525377458025,0.5927813837218382,0.061245421245421205,PRISMATIC_BATTERY
3.6453836077170827,2.2479212476002335,17.16795962028952,0.6376079029704748,0.032234432234432564,PRISMATIC_BATTERY
3.6454084608240773,2.5706499843451973,18.313784125256507,0.6307698364641604,0.04512820512820559,PRISMATIC_BATTERY
3.6429582706015045,3.0527464640247084,18.59334499107461,0.6501119230784522,0.04673992673992666,PRISMATIC_BATTERY
3.645235705868654,2.8079484026831416,15.426688129842834,0.5557259100120527,0.05802197802197817,PRISMATIC_BATTERY
3.6431055750513863,3.6848786030088827,15.664453447732411,0.5850967907540084,0.048351648351648624,PRISMATIC_BATTERY
3.6425251466827713,3.293896301503122,18.219837273157744,0.6592220510778127,0.04351648351648407,PRISMATIC_BATTERY
3.6452151967756468,3.0305634802561183,19.631290522630856,0.6606941016002372,0.04673992673992666,PRISMATIC_BATTERY
3.6461129049508245,2.66211711975173,17.68449315509191,0.6249538476606669,0.04835164835164818,PRISMATIC_BATTERY
3.6460483356964177,3.5323645677321216,18.138808726866493,0.6455042220942997,0.05963369963369969,PRISMATIC_BATTERY
3.6433296452259736,2.8441671444808065,18.369310342371826,0.6628370099805898,0.043516483516483184,PRISMATIC_BATTERY
3.6462632967238773,2.2413833877033547,16.908975112845074,0.6069949016203675,0.03706959706959667,PRISMATIC_BATTERY
3.642668703395263,2.7673360871571253,17.487834121578977,0.6383034042600328,0.0354578754578756,PRISMATIC_BATTERY
3.6422669578509312,3.5569624217922864,16.10255535122941,0.5560598083643535,0.05157509157509166,PRISMATIC_BATTERY
3.6437420438493837,2.7662799338731836,16.752627396274093,0.590451893062862,0.04029304029304015,PRISMATIC_BATTERY
3.6451061538766316,3.4980788742359765,17.249425930863467,0.6312135004769892,0.05802197802197817,PRISMATIC_BATTERY
3.6455055806735284,3.128866028446999,17.072208369292124,0.6178856266699325,0.048351648351648624,PRISMATIC_BATTERY
3.644171303986883,3.2118923378224933,15.679443281983442,0.5644869910741582,0.0499633699633697,PRISMATIC_BATTERY
3.6440942096580957,2.5892001796494477,17.738615437198863,0.6135206743006841,0.03868131868131863,PRISMATIC_BATTERY
3.64441095409081,2.472009611903383,17.97619969140349,0.6661001287823429,0.04673992673992666,PRISMATIC_BATTERY
3.6458771518179187,2.6533258446161434,17.961560904924973,0.6179818287544634,0.04029304029304015,PRISMATIC_BATTERY
3.6446827109712956,2.346883508816855,18.63273630379627,0.634592627536428,0.032234432234432564,PRISMATIC_BATTERY
3.64356961447651,3.0442624238152187,17.357136363302168,0.6217234177568353,0.037069597069597116,PRISMATIC_BATTERY
3.6436621546968473,3.316017350752575,17.53597312668908,0.6306796628747098,0.0515750915750921,PRISMATIC_BATTERY
3.6447648120890572,2.5665983904422065,17.832776451872757,0.608086812269268,0.03868131868131908,PRISMATIC_BATTERY
3.6460142267381657,2.824855523141851,15.668983452106234,0.5569640826417512,0.04835164835164818,PRISMATIC_BATTERY
3.644386169023189,2.7078415504489253,17.284950701350624,0.6186146688637737,0.04190476190476211,PRISMATIC_BATTERY
3.6464502950831057,2.5641349882442657,18.50622531406385,0.6334830540349634,0.04835164835164818,PRISMATIC_BATTERY
3.6448013630443,6.308258006872483,17.839512359702063,0.6746947189384412,0.07736263736263727,PRISMATIC_BATTERY
3.643709210803138,3.56434477584804,17.279997029339363,0.6036398731108654,0.045128205128205146,PRISMATIC_BATTERY
3.6447820345941837,3.2291468749328924,17.058777340194283,0.6398801861269481,0.051575091575091214,PRISMATIC_BATTERY
3.6456586160542708,2.6907796958789856,17.84204198714676,0.6207361258361002,0.04190476190476211,PRISMATIC_BATTERY
3.645118375623223,2.8555375916442016,18.151245544134635,0.6544778214567074,0.04190476190476211,PRISMATIC_BATTERY
3.641999558751908,6.296660895511588,19.741058829257188,0.6911034019897999,0.059633699633699244,PRISMATIC_BATTERY
3.645127937418843,2.755169149290887,17.794601001729397,0.6335064198943166,0.04190476190476211,PRISMATIC_BATTERY
3.64292142840568,2.8017683950150474,16.89701442132765,0.6137665718664137,0.045128205128205146,PRISMATIC_BATTERY
3.6442727318418333,3.4520908313470913,16.52050798791812,0.6135580940128404,0.0515750915750921,PRISMATIC_BATTERY
3.6430398864949276,2.7294377230347737,15.500936174439806,0.5687756240934938,0.03706959706959667,PRISMATIC_BATTERY
3.644966062297216,2.6999070075328953,16.183398867394832,0.5418398638163533,0.043516483516483184,PRISMATIC_BATTERY
3.644852664544301,2.200419011147472,18.059618062507123,0.6131588623107012,0.04029304029304015,PRISMATIC_BATTERY
3.642387858442381,2.705966283826271,16.39212832618632,0.5692664616902531,0.04190476190476211,PRISMATIC_BATTERY
3.644555954674093,4.510903078571806,18.544397527919077,0.6625857925551092,0.06124542124542165,PRISMATIC_BATTERY
3.645022702838271,2.4271959603493554,16.85963881010635,0.5928915808168964,0.03868131868131863,PRISMATIC_BATTERY
3.6470051783550046,2.0673970276561975,16.412142748451473,0.6102042665165895,0.035457875457875154,PRISMATIC_BATTERY
3.6459109770657063,3.4566907854920026,17.46473870436068,0.6428637229003873,0.05802197802197773,PRISMATIC_BATTERY
3.6453209816253045,2.7638417070099854,16.15829753097106,0.5840427294700933,0.043516483516483184,PRISMATIC_BATTERY
3.6463110423522203,2.0941532270745125,17.027044979195004,0.6171870029303986,0.03545787545787604,PRISMATIC_BATTERY
3.6429767673218985,3.430970887696884,17.64520590574635,0.6088497616091136,0.051575091575091214,PRISMATIC_BATTERY
3.645573679530303,2.361377570458383,16.542049936967345,0.5985515846802638,0.0451282051282047,PRISMATIC_BATTERY
3.6443609596798368,3.810904990073058,18.432752258882875,0.6336572794902321,0.04351648351648363,PRISMATIC_BATTERY
3.6457629167026258,4.1885995537422165,16.90791635438105,0.6246227531336264,0.0515750915750921,PRISMATIC_BATTERY
3.6424975924602765,4.59437262815787,19.292064459051183,0.6494552646481466,0.045128205128205146,PRISMATIC_BATTERY
3.6471329819965357,2.6536944996191623,17.5436442437097,0.6199153449252293,0.04029304029304015,PRISMATIC_BATTERY
3.645741421960589,2.410719438599991,15.417097675337432,0.5801289089279352,0.04190476190476167,PRISMATIC_BATTERY
3.6459319257624387,3.320279422512927,17.54917425672151,0.6330556252785865,0.043516483516483184,PRISMATIC_BATTERY
3.643779366083804,3.469313636828977,17.38628306950111,0.615509230407237,0.04190476190476211,PRISMATIC_BATTERY
3.645837350196348,4.009903502119208,17.88542959915501,0.6447336917888581,0.051575091575091214,PRISMATIC_BATTERY
3.6437396769997945,4.41916726791118,18.056687125028414,0.6133215188886838,0.04351648351648407,PRISMATIC_BATTERY
3.644641606264097,2.7208340526294212,17.875293130006757,0.6189216049384761,0.035457875457875154,PRISMATIC_BATTERY
3.6441214595469957,3.8289064646304447,17.737826476106108,0.6482056871048653,0.05802197802197817,PRISMATIC_BATTERY
3.643062470300766,3.2601805905256906,18.264372241156632,0.6580707480196516,0.04190476190476211,PRISMATIC_BATTERY
3.643006465984522,3.380014207365493,17.57815619320593,0.644199950896503,0.04190476190476211,PRISMATIC_BATTERY
3.6437630264027967,6.313857468271837,18.74127055567536,0.6808470707634404,0.05802197802197817,PRISMATIC_BATTERY
3.6443628877632914,3.0437370079442623,17.759910420604836,0.617106670703023,0.045128205128205146,PRISMATIC_BATTERY
3.6437640814978494,5.157966322687411,18.02909554122647,0.6353571548070697,0.048351648351648624,PRISMATIC_BATTERY
3.6440651150844556,3.621845886424473,18.436708595038205,0.6647694199192162,0.05318681318681362,PRISMATIC_BATTERY
3.645545542679111,2.9666162102823694,16.65703356804871,0.6252617755244447,0.04673992673992666,PRISMATIC_BATTERY
3.644313434416777,3.627556654749714,17.849792426626795,0.6575404403726319,0.0515750915750921,PRISMATIC_BATTERY
3.645061861282252,2.6685286821989633,17.53911718215375,0.611196139538885,0.040293040293040594,PRISMATIC_BATTERY
3.644241033378755,3.483442557666213,17.20356863480099,0.6235755358811859,0.04190476190476211,PRISMATIC_BATTERY
3.6465829051730156,4.8162468243386956,17.5401721872316,0.6405507888287111,0.07897435897435923,PRISMATIC_BATTERY
3.6453523820981215,2.9262707884023986,16.553924300590406,0.5918706170315724,0.04835164835164818,PRISMATIC_BATTERY
3.6460711751614787,4.902210257596512,16.68961920746891,0.603280728834775,0.04996336996337014,PRISMATIC_BATTERY
3.6473299867734625,3.783055213242058,15.973494796488662,0.5696865521303968,0.05318681318681273,PRISMATIC_BATTERY
3.6456370351929928,4.441030595996203,17.887862403570356,0.6442086577362783,0.05963369963369969,PRISMATIC_BATTERY
3.647546125675978,2.2807884277396107,16.398083510747732,0.5954409309477332,0.03706959706959667,PRISMATIC_BATTERY
3.6443120016995607,3.2331956980266408,18.915516584816945,0.6665914127254573,0.048351648351648624,PRISMATIC_BATTERY
3.643885531233915,3.621221878329345,18.090971614115613,0.6435546900622763,0.04512820512820559,PRISMATIC_BATTERY
3.6425255246493045,2.741638327108035,16.298787993679806,0.6006159680425412,0.04190476190476211,PRISMATIC_BATTERY
3.64516548419368,2.4664579151569033,18.861733647735047,0.6276593477764397,0.0354578754578756,PRISMATIC_BATTERY
3.645121069390429,3.9336754424854163,17.360319105190545,0.6285310823630141,0.05157509157509166,PRISMATIC_BATTERY
3.647409670956394,4.819267551329531,17.312592225231228,0.6328558856384969,0.0660805860805862,PRISMATIC_BATTERY
3.645473618591898,2.987629822044441,18.238348759909798,0.601462450910347,0.04835164835164818,PRISMATIC_BATTERY
3.645038370542261,3.9570289434187016,15.502849757739025,0.57054057074768,0.04673992673992666,PRISMATIC_BATTERY
3.6448148223414485,2.714076918596741,18.391611532300548,0.6194147824733249,0.04835164835164818,PRISMATIC_BATTERY
3.6441362329611904,3.064242200674976,16.807605133226513,0.6332672353440024,0.04673992673992666,PRISMATIC_BATTERY
3.643731316376477,3.147319855897305,17.48563647638882,0.6067576521598056,0.03706959706959756,PRISMATIC_BATTERY
3.6460233480213904,2.5592342138734487,18.120694202461532,0.6373202185302786,0.04351648351648363,PRISMATIC_BATTERY
3.6453296165150695,3.333784595512927,16.64105365110482,0.5784285222846673,0.05641025641025621,PRISMATIC_BATTERY
3.6425945438899534,4.541384360967392,17.602436995807214,0.6340594369617178,0.051575091575091214,PRISMATIC_BATTERY
3.6434659354829426,2.5628822165984997,17.602407803977094,0.6355604144151363,0.035457875457875154,PRISMATIC_BATTERY
3.6465544341779403,2.2664514407570393,17.726554823288637,0.618701596592846,0.040293040293040594,PRISMATIC_BATTERY
3.6439343808850424,2.9914171783277195,16.073073788825123,0.5919550275828833,0.0354578754578756,PRISMATIC_BATTERY
3.644209470074774,2.9550451794063073,17.176209199586797,0.6263420524863967,0.04673992673992666,PRISMATIC_BATTERY
3.64462688122608,2.553303380245044,15.441013101507584,0.5881778053363523,0.03706959706959756,PRISMATIC_BATTERY
3.6476078340580402,2.434859599626473,16.823963803613008,0.6018730869284574,0.032234432234432564,PRISMATIC_BATTERY
3.6437253083362346,3.5897636809771307,17.482160889720035,0.6223898457387904,0.045128205128205146,PRISMATIC_BATTERY
3.6464910160939534,2.957078754204576,16.550481613876705,0.5945267199866996,0.04673992673992666,PRISMATIC_BATTERY
3.6457496817848813,2.0791023934166506,15.949239857143699,0.5794291101772047,0.03868131868131863,PRISMATIC_BATTERY
3.6449995218531734,2.1013644577696384,17.64130555497934,0.6514876287845989,0.03545787545787604,PRISMATIC_BATTERY
3.6475774891895423,2.951561406739152,17.970996705682875,0.6780620704062121,0.05157509157509166,PRISMATIC_BATTERY
3.644110868629491,2.9729042715835496,17.56235379497675,0.6204918908830377,0.045128205128205146,PRISMATIC_BATTERY
3.6455042410578535,3.4033604168024487,18.53463760555164,0.6441814733851218,0.04190476190476167,PRISMATIC_BATTERY
3.6452746375534497,2.4981209517132728,15.710377641941514,0.5553824956105287,0.04351648351648363,PRISMATIC_BATTERY
3.6469486861297677,2.445620865027789,17.380134502888513,0.6358820568178762,0.035457875457875154,PRISMATIC_BATTERY
3.643379283040479,4.597254195271994,17.46703604268489,0.6254432350090218,0.06124542124542165,PRISMATIC_BATTERY
3.6445141999300716,2.6700597819636287,18.227300069252802,0.6448152202705729,0.04190476190476167,PRISMATIC_BATTERY
3.6466840059515118,2.6933121146736982,16.308491399092947,0.6151228120984552,0.05157509157509166,PRISMATIC_BATTERY
3.6462169254457852,2.3151777887989176,17.39119565148853,0.6054477379828574,0.04190476190476167,PRISMATIC_BATTERY
3.6458882933441488,3.675151593304015,18.130496841356003,0.6618781253316883,0.06285714285714272,PRISMATIC_BATTERY
3.648017294180754,4.738637193677468,17.174720586965574,0.6116454351957042,0.07575091575091575,PRISMATIC_BATTERY
3.647691286485793,2.145695584164746,18.521163084105012,0.6632326560875696,0.03868131868131863,PRISMATIC_BATTERY
3.645734134703045,2.5818541869453453,18.824282902742326,0.626928216486988,0.04835164835164818,PRISMATIC_BATTERY
3.645064195204161,2.6282637491750394,17.919785707002504,0.6029922788274077,0.04351648351648363,PRISMATIC_BATTERY
3.6446131646499724,3.1746722516558084,17.289695980988874,0.6119155884424545,0.04835164835164818,PRISMATIC_BATTERY
3.644483861377467,3.4704140278503646,15.693562784065813,0.5529576941294264,0.048351648351648624,PRISMATIC_BATTERY
3.6441122657840923,3.2233613936245162,15.44918845932527,0.6055494232236206,0.0451282051282047,PRISMATIC_BATTERY
3.6472078148668063,2.3671045453781603,16.831553480068926,0.6163183423095842,0.03868131868131863,PRISMATIC_BATTERY
3.6437179849655688,1.9498103514229457,17.36626531841597,0.6249249964217627,0.03384615384615408,PRISMATIC_BATTERY
3.6454420837743453,2.747213372679299,17.545926107180364,0.6281149413417797,0.0451282051282047,PRISMATIC_BATTERY
3.6464576806419893,6.111135488044679,18.71373708960962,0.6547826478260379,0.06446886446886468,PRISMATIC_BATTERY
3.647602786686304,2.644804918829451,18.104146121296033,0.6574448314410175,0.04835164835164818,PRISMATIC_BATTERY
3.644412675443047,4.247034010769857,16.950921700097457,0.6264628180287343,0.05802197802197773,PRISMATIC_BATTERY
3.645024192288579,5.18021112496749,16.483389284586735,0.6023338711406331,0.059633699633699244,PRISMATIC_BATTERY
3.646457819555179,4.231033684633757,18.098941966283235,0.6443757195338943,0.05802197802197817,PRISMATIC_BATTERY
3.6479267585969932,1.807027665548084,17.66795697401452,0.6095975462712219,0.037069597069597116,PRISMATIC_BATTERY
3.646185781768275,3.1505862518779497,17.348289514468306,0.6057093435941848,0.059633699633699244,PRISMATIC_BATTERY
3.6467808389602445,2.514253316209454,16.840091273733666,0.6121596939473264,0.04673992673992711,PRISMATIC_BATTERY
3.6429603669962756,3.6243309693494767,19.305466982698537,0.6541514957602523,0.059633699633699244,PRISMATIC_BATTERY
3.6449352500148717,3.0940311074067073,18.974514110651334,0.6413887637949954,0.04190476190476167,PRISMATIC_BATTERY
3.646230172915946,2.1924677179181504,18.49822214288866,0.65245962491367,0.03545787545787604,PRISMATIC_BATTERY
3.643562871840136,4.811354094181805,16.364364470378483,0.6053083263751621,0.05157509157509166,PRISMATIC_BATTERY
3.6447522149848415,3.7715523641744104,17.391566860437337,0.6161917740513952,0.061245421245421205,PRISMATIC_BATTERY
3.6480606910768767,2.4579396866507035,18.355155546324887,0.6243008552019348,0.04029304029304015,PRISMATIC_BATTERY
3.6427743981821696,3.283584066954006,18.25010600084104,0.659208559984047,0.04673992673992711,PRISMATIC_BATTERY
3.646395300961212,3.4184735256399694,16.717409198784623,0.5770103299788977,0.05157509157509166,PRISMATIC_BATTERY
3.6471814355961287,2.7920222657898215,17.113462242424458,0.6235167792642272,0.04190476190476167,PRISMATIC_BATTERY
3.6448701966525685,2.1995030131815225,15.481384517801823,0.5870316167993093,0.0354578754578756,PRISMATIC_BATTERY
3.647209641733297,3.242299413590352,16.33195774749969,0.5588947619925331,0.056410256410256654,PRISMATIC_BATTERY
3.6464248364287233,2.60777307164301,15.775645776665689,0.5862699632635802,0.04190476190476167,PRISMATIC_BATTERY
3.6470085473829945,4.150810999146279,17.344110237034705,0.6202899863807213,0.06446886446886424,PRISMATIC_BATTERY
3.6465493497302686,1.879626002196936,16.490115329517344,0.5955541185095621,0.040293040293040594,PRISMATIC_BATTERY
3.6447337949823635,3.4596251512469167,16.0769945825296,0.5857154069382631,0.053186813186813175,PRISMATIC_BATTERY
3.6455172114383965,2.1651802367704924,16.75637213899209,0.6070239364052193,0.040293040293040594,PRISMATIC_BATTERY
3.6437340895889805,2.6232722524081904,15.604722116471908,0.5752048474270154,0.04190476190476211,PRISMATIC_BATTERY
3.646837422823206,2.4931470519852486,15.404233931144638,0.5800853822978966,0.045128205128205146,PRISMATIC_BATTERY
3.6461352488668086,2.4762776043178567,16.335567092856785,0.6011308303272608,0.04029304029304015,PRISMATIC_BATTERY
3.6457114249429283,2.4625701337985095,18.324904814262773,0.6189785141613376,0.04996336996337014,PRISMATIC_BATTERY
3.6459856604627454,2.9335822647590364,15.806856568453169,0.5815157769691771,0.051575091575091214,PRISMATIC_BATTERY
3.6465887731586957,2.3001701390102465,19.134106025712132,0.6528890585040753,0.04673992673992666,PRISMATIC_BATTERY
3.6458077387192525,4.3908860061481185,19.336061357809484,0.6428843650216254,0.06769230769230772,PRISMATIC_BATTERY
3.6450005872802076,3.6049285419363115,16.4638459106707,0.5970869801895204,0.05479853479853469,PRISMATIC_BATTERY
3.642507649641927,3.9832823955152405,17.767337361850288,0.6147069591140705,0.04673992673992711,PRISMATIC_BATTERY
3.6443312364158063,3.1655302312269886,19.003132036853014,0.6469489424142228,0.056410256410256654,PRISMATIC_BATTERY
3.6437580877696956,3.049189093188853,16.87168029868613,0.6174634558451093,0.04351648351648363,PRISMATIC_BATTERY
3.6446976852355335,2.0896610451051223,17.36082756051696,0.6434575477996896,0.032234432234432564,PRISMATIC_BATTERY
3.644192031018232,3.188355273616858,17.673198800330788,0.6225272882803388,0.045128205128205146,PRISMATIC_BATTERY
3.6459331725988533,2.913946210386256,16.19755815775777,0.6169128780218515,0.04190476190476211,PRISMATIC_BATTERY
3.643805139072636,5.591848822340056,18.5701112726313,0.6197820178392295,0.0660805860805862,PRISMATIC_BATTERY
3.6452331440198753,2.549909896921317,18.2750074998846,0.6476990049238794,0.04351648351648363,PRISMATIC_BATTERY
3.6442486479492686,2.237516764761053,15.954026547495701,0.5683869772118777,0.0354578754578756,PRISMATIC_BATTERY
3.647320238454872,2.6002529221574466,18.245792862698814,0.6424427455674222,0.03868131868131863,PRISMATIC_BATTERY
3.6439534500713204,3.5867380057246514,17.977642145901495,0.6245957300576611,0.05802197802197817,PRISMATIC_BATTERY
3.6450626487583606,6.379873505359883,17.866136660532543,0.6439937807404564,0.053186813186813175,PRISMATIC_BATTERY
3.645289249521305,3.8602993455550414,17.4615738960819,0.6186260596476532,0.05641025641025621,PRISMATIC_BATTERY
3.645663240380687,3.0779116819023518,15.637407645880028,0.5858048717070105,0.051575091575091214,PRISMATIC_BATTERY
3.6471376329432554,2.9065640161791815,17.164439739487687,0.6102022418274187,0.05802197802197817,PRISMATIC_BATTERY
3.644297442837198,3.765214870213862,17.13914116117569,0.5818837491589627,0.05318681318681273,PRISMATIC_BATTERY
3.647653032203979,1.959334645695504,16.84943513786029,0.6079472633276698,0.045128205128205146,PRISMATIC_BATTERY
3.648327920057589,2.041470935863957,17.038038125133582,0.6396219748961208,0.04190476190476211,PRISMATIC_BATTERY
3.646707564446848,3.678933288341748,18.207430831159968,0.6375628723508572,0.05641025641025621,PRISMATIC_BATTERY
3.6457557506151734,1.935684661616223,15.751934164066538,0.5966488928419394,0.03706959706959667,PRISMATIC_BATTERY
3.645071362651188,2.9125390487697813,17.01419202527801,0.6186130117343198,0.0499633699633697,PRISMATIC_BATTERY
3.644137198844568,2.8933424033192625,17.287032249066918,0.6067734968288379,0.04190476190476167,PRISMATIC_BATTERY
3.646628292327092,3.531901532648381,16.956162556302004,0.6474800540381959,0.0515750915750921,PRISMATIC_BATTERY
3.648538337912899,2.8976170685997777,19.071052616120284,0.6628447480524852,0.05318681318681273,PRISMATIC_BATTERY
3.64512891729214,3.3967640625313598,16.07690609125873,0.5675877547181288,0.04996336996337014,PRISMATIC_BATTERY
3.644141695010502,2.765058302265934,15.30390483274672,0.579395589380481,0.032234432234432564,PRISMATIC_BATTERY
3.645326648552378,3.201430332221271,18.75525758612061,0.6706147469117847,0.045128205128205146,PRISMATIC_BATTERY
3.6446775954035764,3.0729349139866806,19.6763081971498,0.6608130714738707,0.04835164835164818,PRISMATIC_BATTERY
3.6436514911518936,3.142271237008123,18.318338254790717,0.6646433612997092,0.04673992673992666,PRISMATIC_BATTERY
3.6442428866807894,3.0749358048372923,16.146113492591056,0.5958139650517598,0.04673992673992711,PRISMATIC_BATTERY
3.6451140410055425,2.9451548921470665,17.10322777594381,0.6310319912499812,0.05479853479853469,PRISMATIC_BATTERY
3.6437312842956002,2.430492409431749,18.037058091558162,0.6411210586330929,0.04029304029304015,PRISMATIC_BATTERY
3.6450226529523646,2.0703178791407466,19.185429140570605,0.64723046128577,0.0354578754578756,PRISMATIC_BATTERY
3.6454326795693617,2.4197278610659687,16.8126136817421,0.6216233779934636,0.03384615384615364,PRISMATIC_BATTERY
3.645828983695946,2.575608963276514,17.764647660572564,0.6327624518892561,0.04351648351648363,PRISMATIC_BATTERY
3.643758704430853,2.9879841359908808,17.433717545107132,0.6200687901884826,0.05157509157509166,PRISMATIC_BATTERY
3.645508926147758,2.8967047083899953,16.377398438330875,0.5935302033526179,0.04996336996337014,PRISMATIC_BATTERY
3.6449087687756108,4.795059939546382,18.971523866828715,0.653620276728216,0.05802197802197817,PRISMATIC_BATTERY
3.6455701595410503,3.307257552810342,17.492463987842008,0.6128206375841904,0.05157509157509166,PRISMATIC_BATTERY
3.6459402670899395,3.364571086006525,16.47829323186973,0.562004516652959,0.04029304029304015,PRISMATIC_BATTERY
3.644062648646608,2.129631234061631,19.739501009449604,0.6822395357103841,0.035457875457875154,PRISMATIC_BATTERY
3.6445415393362297,6.494936040927869,18.564600669175775,0.647249106752306,0.06769230769230816,PRISMATIC_BATTERY
3.6446299317228683,2.0190727498156438,15.563678755626261,0.5660606176910952,0.037069597069597116,PRISMATIC_BATTERY
3.6446698570023983,4.04448620196367,15.90710515498574,0.6225908273981419,0.05802197802197817,PRISMATIC_BATTERY
3.645972150271367,2.40455833714039,18.881661684821825,0.6616870129237327,0.037069597069597116,PRISMATIC_BATTERY
3.6443452284765314,2.8135331324881077,18.11217032206923,0.6470286060020768,0.04351648351648407,PRISMATIC_BATTERY
3.643855821913873,3.1599638176085163,17.271521442117386,0.6391549548678395,0.04673992673992666,PRISMATIC_BATTERY
3.644773986388333,3.539582248169216,16.644740600494007,0.5996646304115608,0.04835164835164818,PRISMATIC_BATTERY
3.644675175707253,4.314755197072214,19.235031521848068,0.6345405904196462,0.05157509157509166,PRISMATIC_BATTERY
3.647144133931201,3.128402362470452,18.969364943307546,0.6711629779887611,0.05802197802197817,PRISMATIC_BATTERY
3.646424295018543,4.2729600286348,19.23087911634133,0.6832017457340984,0.05963369963369969,PRISMATIC_BATTERY
3.644651653965838,2.3572247262478965,17.968411485853256,0.6121107581905832,0.03706959706959756,PRISMATIC_BATTERY
3.6460248050022255,2.620368652381407,16.312266078304454,0.6078714628110888,0.04673992673992666,PRISMATIC_BATTERY
3.647400414262748,3.342180015517378,15.471103971908645,0.5899512574840156,0.03868131868131863,PRISMATIC_BATTERY
3.6446855048415427,2.780164099559836,18.18681104437275,0.596619691028704,0.0499633699633697,PRISMATIC_BATTERY
3.6484792742582854,2.853257702222097,19.11866470445264,0.6571485398061441,0.048351648351648624,PRISMATIC_BATTERY
3.6464972920579815,4.585092380539047,14.978453944176762,0.5699970388194188,0.06285714285714317,PRISMATIC_BATTERY
3.6487957056648894,2.469954195944591,17.60510453192764,0.642848482487696,0.04512820512820559,PRISMATIC_BATTERY
3.646087885658167,2.9019340344319695,16.610927908008673,0.5918475383183802,0.04029304029304015,PRISMATIC_BATTERY
3.6479469409083873,2.588727974864305,15.908652970062938,0.6086206490227358,0.03868131868131863,PRISMATIC_BATTERY
3.645216771661444,3.243075877208747,17.100546322227704,0.6213467106982793,0.04835164835164818,PRISMATIC_BATTERY
3.6473046197246344,5.622010006945606,17.653540227984905,0.6344059976559411,0.061245421245421205,PRISMATIC_BATTERY
3.6444917213427104,2.788428964496075,17.599123373959493,0.6406178555690347,0.045128205128205146,PRISMATIC_BATTERY
3.6469762530204566,4.968846604953486,18.398860826313427,0.6389088984565182,0.059633699633699244,PRISMATIC_BATTERY
3.645885215400738,2.1806469130530024,17.057028103780357,0.6311002206181586,0.03545787545787604,PRISMATIC_BATTERY
3.6463131688775254,2.1854279342720155,18.277762904569055,0.6089731927274873,0.04190476190476167,PRISMATIC_BATTERY
3.6486744620853915,3.4508470720752853,20.17088843355187,0.6509337450555375,0.051575091575091214,PRISMATIC_BATTERY
3.643828823114145,4.284717382204547,17.73651376601177,0.6488464933102629,0.053186813186813175,PRISMATIC_BATTERY
3.6448435973466866,2.2724258048956623,17.184770413849762,0.6086979925626996,0.035457875457875154,PRISMATIC_BATTERY
3.6442796335450787,2.8098846374275133,17.282531872929603,0.5871059074790501,0.04029304029304015,PRISMATIC_BATTERY
3.64241250021103,2.971867687618143,16.195961282427024,0.5898717623435208,0.04190476190476211,PRISMATIC_BATTERY
3.6440782491942993,2.469967766229034,18.605913448257482,0.6545397685197325,0.032234432234432564,PRISMATIC_BATTERY
3.645628230022389,2.323486314826527,16.15509092584001,0.6248828665503386,0.04190476190476211,PRISMATIC_BATTERY
3.6452834008218655,4.404752226452923,20.364211835679036,0.7217849074604725,0.06769230769230816,PRISMATIC_BATTERY
3.6437885232595555,3.104492931697354,16.411729774257456,0.6010957178337416,0.05479853479853514,PRISMATIC_BATTERY
3.6452224387505243,2.1632058738131517,16.921933055541448,0.5607360474929629,0.035457875457875154,PRISMATIC_BATTERY
3.6469685337422475,2.5691430356990974,16.025820562787878,0.5713687774655811,0.051575091575091214,PRISMATIC_BATTERY
3.6463076708987545,2.955039012321202,17.453693210555375,0.6173801786914849,0.05479853479853514,PRISMATIC_BATTERY
3.6474089124745896,2.0376033524193518,16.317038709291648,0.5845694960314298,0.03868131868131908,PRISMATIC_BATTERY
3.64184767490989,4.078231174354026,17.85823311431544,0.6652418322881787,0.0515750915750921,PRISMATIC_BATTERY
3.6453773636835685,2.510629197702317,17.75657484075362,0.5949263132213906,0.04351648351648407,PRISMATIC_BATTERY
3.644976162554433,3.611991326107191,17.29237724407597,0.6284199967567721,0.048351648351648624,PRISMATIC_BATTERY
3.64761101380963,2.5132973264713923,17.274629498034827,0.6157194475273876,0.04190476190476167,PRISMATIC_BATTERY
3.645918110786425,2.0226066730601224,16.757336486870454,0.5800328122542854,0.032234432234432564,PRISMATIC_BATTERY
3.6466031875271363,2.9679153385215757,18.328727368520212,0.6454401895073165,0.051575091575091214,PRISMATIC_BATTERY
3.6443528998522803,2.973777850242962,18.495170725623705,0.6427114433110622,0.0451282051282047,PRISMATIC_BATTERY
3.6459974874052707,2.38149425963639,17.761697304313188,0.5927744741765059,0.03868131868131863,PRISMATIC_BATTERY
3.6438938522951885,3.5517973509795024,17.714363402986674,0.6298416310969982,0.0499633699633697,PRISMATIC_BATTERY
3.6449335431628906,2.4824311674616513,17.408775408637215,0.6273136831926911,0.0354578754578756,PRISMATIC_BATTERY
3.6445941238613284,2.6511878861000215,18.91630679494882,0.6630880892387482,0.03868131868131863,PRISMATIC_BATTERY
3.645732125405321,2.493053486985413,18.43736204902278,0.6474614124259055,0.03868131868131863,PRISMATIC_BATTERY
3.6460461520201917,2.511283177201669,20.39576466630965,0.6521260796269519,0.03868131868131908,PRISMATIC_BATTERY
3.646411026882098,2.1286388605104896,16.321058697559206,0.6180185100603042,0.04029304029304015,PRISMATIC_BATTERY
3.6453374639678073,2.303348209011782,16.653150613537033,0.6044834066074343,0.04190476190476167,PRISMATIC_BATTERY
3.645754710346772,1.8924278039629157,17.955743925271005,0.6491728732212507,0.027399267399267124,PRISMATIC_BATTERY
3.642960352735091,2.6602938587691893,17.840420159380322,0.6259397619119188,0.043516483516483184,PRISMATIC_BATTERY
3.6459195250604846,2.4571239155878795,15.625849072357456,0.5601430777813433,0.04190476190476167,PRISMATIC_BATTERY
3.6436700948558793,3.2301356576980855,17.52222406947595,0.6020725542979016,0.045128205128205146,PRISMATIC_BATTERY
3.645367011569061,2.398320419656789,17.146387329507917,0.6145118597929945,0.030622710622710603,PRISMATIC_BATTERY
3.64656153814567,2.51306019393829,16.43087368082798,0.5812406077492955,0.03868131868131908,PRISMATIC_BATTERY
3.644496904883399,2.8509670987615077,16.60299682422252,0.6096534113056572,0.037069597069597116,PRISMATIC_BATTERY
3.643959097739205,2.948866600507989,18.85464064850118,0.6500346199443447,0.048351648351648624,PRISMATIC_BATTERY
3.644877414368977,3.6388888211050925,16.295764585942585,0.5884933942728158,0.04996336996337014,PRISMATIC_BATTERY
3.645286894365364,4.122874519975564,18.763197152206015,0.6728008168029328,0.04673992673992666,PRISMATIC_BATTERY
3.645223653761874,3.2244531986285545,17.642281340168296,0.6174422035338796,0.045128205128205146,PRISMATIC_BATTERY
3.6459652909579408,2.0763769583907887,16.103670125694233,0.6040081424667934,0.040293040293040594,PRISMATIC_BATTERY
3.6444012763696763,2.991759857551566,20.035195737165637,0.6790669393219311,0.045128205128205146,PRISMATIC_BATTERY
3.6452479236178257,2.7157267690796263,18.238404812964053,0.6575901580742153,0.04190476190476211,PRISMATIC_BATTERY
3.644906922938937,2.8675459981646747,19.352134085002934,0.6666724842375259,0.04029304029304015,PRISMATIC_BATTERY
3.6441121410381676,2.936508453152601,16.636738704767488,0.6071508527790908,0.0354578754578756,PRISMATIC_BATTERY
3.6450324858075747,4.966089641115268,18.310104703292986,0.6359065842944396,0.06446886446886468,PRISMATIC_BATTERY
3.64711213991322,2.305156446539905,15.990546794668878,0.5840839589611039,0.0499633699633697,PRISMATIC_BATTERY
3.6443141685950327,3.6621836432472077,16.631022696783205,0.624312099342071,0.051575091575091214,PRISMATIC_BATTERY
3.645601960454205,3.0080590631414883,15.873468525755403,0.5998184264777946,0.04029304029304015,PRISMATIC_BATTERY
3.646061761892306,2.3527030850246238,16.668536024962368,0.6262353763982116,0.04351648351648363,PRISMATIC_BATTERY
3.6448680300876584,3.2204768331864373,18.228417309878843,0.6635082063882359,0.040293040293040594,PRISMATIC_BATTERY
3.645701145029319,3.930515238726688,17.61508212628253,0.6106236566296374,0.06285714285714272,PRISMATIC_BATTERY
3.643105924436471,3.658266541910896,17.32269172893054,0.6240208562204482,0.04190476190476211,PRISMATIC_BATTERY
3.645224868772819,2.6661660943116106,17.559580877194502,0.6355351234567398,0.03868131868131908,PRISMATIC_BATTERY
3.6431600947624734,2.800772611311788,18.54495998776202,0.6560690395796079,0.03868131868131863,PRISMATIC_BATTERY
3.6452649656883294,3.9740231974819276,17.73666680252596,0.6500268411953593,0.03868131868131863,PRISMATIC_BATTERY
3.644791568764126,2.7607979653610997,17.7493961611753,0.6385912726622147,0.045128205128205146,PRISMATIC_BATTERY
3.646646161382813,3.4916953336887326,17.526321664761728,0.6346125747409355,0.05963369963370013,PRISMATIC_BATTERY
3.6464260154203503,2.0040463274383264,16.69898295776741,0.6096863613216772,0.045128205128205146,PRISMATIC_BATTERY
3.6455463015486025,2.3876362270219933,17.061260739825034,0.6263043012750837,0.04190476190476167,PRISMATIC_BATTERY
3.644585761634392,2.4126987166732574,18.048494228614533,0.6099218742748636,0.035457875457875154,PRISMATIC_BATTERY
3.6466663721516523,1.921803480738575,16.92509755435235,0.6355864493005063,0.03545787545787604,PRISMATIC_BATTERY
3.6435727870581687,3.012961011278358,17.40793466169946,0.6077528076420436,0.045128205128205146,PRISMATIC_BATTERY
3.6438947077469734,3.0029824479807323,18.168736793014936,0.666318558577827,0.0499633699633697,PRISMATIC_BATTERY
3.646320864609072,2.35538359338743,16.83214215073901,0.5963597825479269,0.04190476190476167,PRISMATIC_BATTERY
3.645207138836873,3.447788434938814,16.87445679535571,0.6165887061261154,0.04351648351648363,PRISMATIC_BATTERY
3.645135165314407,3.3389759399209513,17.806610776526853,0.6320791180359304,0.04996336996337014,PRISMATIC_BATTERY
3.6438699298611383,3.191247010684338,17.555522215877165,0.6311297848085624,0.04673992673992711,PRISMATIC_BATTERY
3.64455950415274,7.888720715399184,18.4949963061849,0.6702272312319277,0.08219780219780182,PRISMATIC_BATTERY
3.6454206441468004,3.32447291228881,15.885467998859227,0.5968178407173534,0.05641025641025621,PRISMATIC_BATTERY
3.6454189446478726,2.7043662904506296,16.415823689915264,0.6141689779419159,0.04835164835164818,PRISMATIC_BATTERY
3.6449302452660364,2.4357764358461513,16.082771109028503,0.5997931782567529,0.04835164835164818,PRISMATIC_BATTERY
3.6441994781791966,2.12404092580003,17.03540512363789,0.6399340483027023,0.025787545787545607,PRISMATIC_BATTERY
3.645248753810437,2.7387396817464347,15.11479484311035,0.5575748429790321,0.03868131868131863,PRISMATIC_BATTERY
3.6445540160015657,3.349157813911791,19.563304434189664,0.6779760449794044,0.045128205128205146,PRISMATIC_BATTERY
3.645684557452077,2.782474312328962,16.8801918923824,0.5977066723956529,0.04835164835164818,PRISMATIC_BATTERY
3.6441940981905447,3.3156713354790517,18.361020266650304,0.6491969984867836,0.05479853479853514,PRISMATIC_BATTERY
3.6443689517751228,3.4708438299093567,17.039487455541007,0.6074897960353858,0.048351648351648624,PRISMATIC_BATTERY
3.644894896470542,2.8047529535974296,16.711290135599285,0.61325402161404,0.043516483516483184,PRISMATIC_BATTERY
3.6442554463412806,3.1989222621128697,16.75041490435706,0.6229253670774362,0.04351648351648363,PRISMATIC_BATTERY
3.643860229316605,4.807864648842748,18.785904439088654,0.6478962709897522,0.05479853479853469,PRISMATIC_BATTERY
3.64680361685311,2.422782901944118,16.98389773692616,0.6114787807899871,0.04190476190476167,PRISMATIC_BATTERY
3.6431524458307956,11.667495638597138,19.27256719055551,0.659491926466574,0.07091575091575075,PRISMATIC_BATTERY
3.6414428961909953,2.9397682129183904,17.921804545240384,0.6432341626207555,0.04190476190476167,PRISMATIC_BATTERY
3.6420008354644504,3.0191143652958052,17.649552009138862,0.6418308370946424,0.045128205128205146,PRISMATIC_BATTERY
3.6436686511918883,4.583587846675474,17.312255497936974,0.663813195288185,0.05963369963370013,PRISMATIC_BATTERY
3.6447885647282225,2.215028342166394,16.960576571568705,0.6213294501726285,0.030622710622710603,PRISMATIC_BATTERY
3.6444191706002185,2.750675641940969,17.171277926103613,0.6027132290981889,0.040293040293040594,PRISMATIC_BATTERY
3.646307603220312,3.618631325673945,15.919448990533386,0.6093211470176804,0.059633699633699244,PRISMATIC_BATTERY
3.6435463565168353,3.1456074428185534,17.42457230149261,0.6309321126311148,0.04996336996337014,PRISMATIC_BATTERY
3.645514628410654,2.5140192449713927,18.205299068485573,0.6459309986961114,0.04190476190476167,PRISMATIC_BATTERY
3.6435718495427523,2.526085187119621,19.3021196902158,0.6764411487520162,0.04190476190476167,PRISMATIC_BATTERY
3.6470219023787593,1.8458595330148195,15.313794242991316,0.5676665944875843,0.032234432234432564,PRISMATIC_BATTERY
3.6440243527077825,2.850872885508353,19.58781680380846,0.6462970717787581,0.04673992673992711,PRISMATIC_BATTERY
3.6459967820645933,2.2265543345150927,17.24659797035629,0.6069674048387431,0.03545787545787604,PRISMATIC_BATTERY
3.6452825777631954,2.3747542682826013,19.248339514434445,0.6532746509282278,0.03868131868131908,PRISMATIC_BATTERY
3.6458180129885522,2.7584518281160437,14.947988992126652,0.5655318746874023,0.03706959706959756,PRISMATIC_BATTERY
3.6450476831199428,3.445471032643089,16.820358391792773,0.6148751006199406,0.05318681318681273,PRISMATIC_BATTERY
3.6447002046975543,2.013015483265754,17.914945449384174,0.622862819115151,0.032234432234432564,PRISMATIC_BATTERY
3.6452802404180793,4.213057572522409,16.706559902298512,0.6110259050780795,0.05641025641025621,PRISMATIC_BATTERY
3.6469482836918647,3.172053132813133,16.712108174728602,0.626556559328799,0.04190476190476211,PRISMATIC_BATTERY
3.643743034788966,3.1016255705271827,17.764899200086106,0.6327277724570572,0.04673992673992666,PRISMATIC_BATTERY
3.644972552904953,3.28927187132068,17.17512790766809,0.6028428487751264,0.040293040293040594,PRISMATIC_BATTERY
3.6458056475242775,2.9251730295891045,17.962155029035518,0.609670668778614,0.04673992673992666,PRISMATIC_BATTERY
3.6457516091339,2.6495320828495497,16.88408796206026,0.5591263593780372,0.04835164835164818,PRISMATIC_BATTERY
3.6477078756196084,3.0950380337927004,18.41912089593666,0.6412474018693157,0.05963369963369969,PRISMATIC_BATTERY
3.644198783182765,2.9882424106181387,16.879723407402285,0.605472571656696,0.037069597069597116,PRISMATIC_BATTERY
3.6484728148083474,2.62861422049279,17.832826326194546,0.6069946603707017,0.04996336996337014,PRISMATIC_BATTERY
3.6471589805701634,2.719804591039548,17.1682971303326,0.6025898457328712,0.0499633699633697,PRISMATIC_BATTERY
3.6467806430743788,1.9431418405997913,17.191908606485864,0.5800340187486893,0.037069597069597116,PRISMATIC_BATTERY
3.647303205987657,2.04859599865903,17.506242621799082,0.6629588724331399,0.0354578754578756,PRISMATIC_BATTERY
3.641706034938297,3.6236088643283413,18.198355632355913,0.6357457389374447,0.030622710622710603,PRISMATIC_BATTERY
3.6479251741998215,2.42713083781626,17.274442186491708,0.6137320355324195,0.043516483516483184,PRISMATIC_BATTERY
3.6467305885485044,2.4618215211827748,15.898447853128397,0.6017462953104302,0.0354578754578756,PRISMATIC_BATTERY
3.647578970475067,4.783238356754838,17.642458322777063,0.63790490262439,0.05802197802197817,PRISMATIC_BATTERY
3.645057159583119,3.075853688154442,17.065882461698333,0.61473325356225,0.05802197802197817,PRISMATIC_BATTERY
3.6464879137263617,3.1329221075078757,18.230768413255152,0.6531425716327308,0.04190476190476211,PRISMATIC_BATTERY
3.646378809152523,2.5401713391988654,18.658729455574925,0.66198099338679,0.0499633699633697,PRISMATIC_BATTERY
3.6466679143556893,2.7900000865200183,19.755316551874277,0.6603398033603761,0.04996336996337014,PRISMATIC_BATTERY
3.6434269595174604,4.763737218074436,17.50284996737913,0.608254509334101,0.05479853479853514,PRISMATIC_BATTERY
3.647078151303493,3.370481297532048,18.99590068772453,0.6640824215810336,0.059633699633699244,PRISMATIC_BATTERY
3.644654761460112,3.7356125542017105,18.130168941520044,0.6920598704354605,0.0515750915750921,PRISMATIC_BATTERY
3.647216263671513,2.5423558123111576,16.11660940401639,0.577700352031988,0.04835164835164818,PRISMATIC_BATTERY
3.6472562389834735,3.2085931140491817,17.285518616641696,0.6020291634041284,0.04996336996337014,PRISMATIC_BATTERY
3.6437504222707036,2.7448661097850113,17.07317660558107,0.6456837305349689,0.03868131868131863,PRISMATIC_BATTERY
3.6457091128110126,2.4704738304736975,17.228367740122668,0.6214292693998219,0.04351648351648363,PRISMATIC_BATTERY
3.647289862705112,4.905038476200383,18.08860559825617,0.6278507803614811,0.06930402930402924,PRISMATIC_BATTERY
3.6471835651751103,2.946408314904674,16.02378909543822,0.5889256901721062,0.04512820512820559,PRISMATIC_BATTERY
3.646120565483001,3.0384364957291967,18.397173559945376,0.6116159648320691,0.0499633699633697,PRISMATIC_BATTERY
3.6443700316421714,3.5669952815512778,17.29804366478345,0.6021738607491193,0.05318681318681362,PRISMATIC_BATTERY
3.643782877109535,2.620507109771171,16.1266871795998,0.5841302662134495,0.04190476190476211,PRISMATIC_BATTERY
3.646556204383277,3.177331434121373,18.27284018342541,0.6388557456723444,0.05479853479853469,PRISMATIC_BATTERY
3.6484569126582813,2.587016891119514,15.388719948273996,0.5440851044082562,0.04351648351648363,PRISMATIC_BATTERY
3.6453537146436914,2.9539382288806277,17.674526378983288,0.6618925489914054,0.04351648351648363,PRISMATIC_BATTERY
3.6454288940092665,3.7898540261653384,17.934455066535865,0.6434712330724353,0.06769230769230772,PRISMATIC_BATTERY
3.644749022048539,2.1760256232309807,17.33026835776537,0.6285568348473215,0.037069597069597116,PRISMATIC_BATTERY
3.6451846003864534,2.742920710579804,17.098947004169204,0.6077541160522503,0.04673992673992711,PRISMATIC_BATTERY
3.646667850245604,3.060047915214186,17.468489255376138,0.6031077728893331,0.056410256410256654,PRISMATIC_BATTERY
3.6458936494582286,2.1859894930252364,16.667410655406837,0.59251569727187,0.04190476190476211,PRISMATIC_BATTERY
3.646477313653685,3.6807599543922573,16.73259672923256,0.5874928422757352,0.061245421245421205,PRISMATIC_BATTERY
3.6470870099537422,3.96488365031167,18.69939110122034,0.6331116306179042,0.048351648351648624,PRISMATIC_BATTERY
3.6446611385859926,2.7051234936956203,15.039976554514935,0.5599391569849707,0.04029304029304015,PRISMATIC_BATTERY
3.644492056339719,3.3985272020240833,17.78305589665715,0.6379471687344221,0.05479853479853469,PRISMATIC_BATTERY
3.6438059161269334,2.531518053779388,17.675641359273158,0.6391587446758686,0.03706959706959667,PRISMATIC_BATTERY
3.64790749299279,2.4877563074065505,16.801476599644758,0.5743682686900412,0.04190476190476167,PRISMATIC_BATTERY
3.6471045847398935,3.0859853047003303,18.551945248166565,0.6400536801610864,0.05802197802197773,PRISMATIC_BATTERY
3.6460719909176253,2.9347763889425154,17.85322699632592,0.6364567930940679,0.05157509157509166,PRISMATIC_BATTERY
3.644627679487168,2.6943272665107334,19.190341465807116,0.6597330851045964,0.04835164835164818,PRISMATIC_BATTERY
3.6458933822761366,2.58493677799219,18.745557685599874,0.6540027407930259,0.04190476190476167,PRISMATIC_BATTERY
3.6457079763388562,4.148534141808664,17.734850204862035,0.633982510191827,0.05479853479853514,PRISMATIC_BATTERY
3.647077912698345,2.4837184408088104,16.543094826126918,0.6128934475728978,0.04029304029304015,PRISMATIC_BATTERY
3.6484332337406804,3.382823146345251,17.674600648281665,0.6318871645972106,0.04190476190476211,PRISMATIC_BATTERY
3.644392653535917,2.2881503151359635,18.5592091452682,0.6453760513414412,0.03384615384615408,PRISMATIC_BATTERY
3.645598452961766,2.558420694354081,15.581091351302007,0.5615661765751889,0.053186813186813175,PRISMATIC_BATTERY
3.646878613186346,2.9133576378477493,16.531121296315124,0.6315299732226293,0.04835164835164818,PRISMATIC_BATTERY
3.6464930712774613,2.352857885925782,15.953578790598437,0.5687431127909024,0.051575091575091214,PRISMATIC_BATTERY
3.646166328857041,2.8574715678540974,18.49254692448585,0.6296529148130361,0.043516483516483184,PRISMATIC_BATTERY
3.645361594111083,2.6410249126130743,17.025710916913454,0.5740419177986736,0.040293040293040594,PRISMATIC_BATTERY
3.645530390195589,2.536928206955564,17.988941529383535,0.6661086972475967,0.043516483516483184,PRISMATIC_BATTERY
3.6456088917053684,3.177230636142778,19.00685469377059,0.6727269612401623,0.04835164835164818,PRISMATIC_BATTERY
3.64357080508613,2.5399871323952516,15.723620052317441,0.5784377108067644,0.03868131868131863,PRISMATIC_BATTERY
3.645262688903676,3.773856086099719,18.900852347400058,0.6368946930144586,0.045128205128205146,PRISMATIC_BATTERY
3.6430122185126113,2.6400794900656175,18.83697665244044,0.65409193956254,0.032234432234432564,PRISMATIC_BATTERY
3.64592698650485,3.092199211934052,17.88553682610838,0.5944032023523174,0.04673992673992666,PRISMATIC_BATTERY
3.645449524818759,2.511600990709692,16.763329572648868,0.6092017909299939,0.043516483516483184,PRISMATIC_BATTERY
3.646036435891925,2.1163813792896193,15.805982443584204,0.5876557252509135,0.03384615384615364,PRISMATIC_BATTERY
3.6450774468637412,2.2594938730229144,16.375425568298056,0.6013456872526779,0.03223443223443212,PRISMATIC_BATTERY
3.643734114540755,2.7091177147387584,18.56695098911687,0.6685239804982893,0.04835164835164818,PRISMATIC_BATTERY
3.6452628029210943,3.477590941108693,17.284526716675536,0.6214011557407912,0.04835164835164818,PRISMATIC_BATTERY
3.643231444207565,2.431643749127985,18.477271182515725,0.6423055196567701,0.03384615384615364,PRISMATIC_BATTERY
3.642933062072967,2.6560544782309123,19.433936939328238,0.6552017793223517,0.032234432234432564,PRISMATIC_BATTERY
3.643689769622077,2.2984693749266047,18.400794221454777,0.6410739871100323,0.029010989010989086,PRISMATIC_BATTERY
3.6465725671661673,2.424696135733942,15.281284570557833,0.5738666809221931,0.05157509157509166,PRISMATIC_BATTERY
3.646537579785498,2.0856659960949946,18.009405523276953,0.6260267934922571,0.03545787545787604,PRISMATIC_BATTERY
3.649475254387226,4.739597290649541,17.81043268430799,0.6331503269674293,0.07575091575091575,PRISMATIC_BATTERY
3.6462140686309077,3.2462077119885935,18.777444054575636,0.6341909334743742,0.04673992673992666,PRISMATIC_BATTERY
3.6451438754707195,2.2622390389105833,15.860122299769397,0.6171322625069466,0.04190476190476211,PRISMATIC_BATTERY
3.645306925612867,2.8365267731320087,16.201726440685732,0.6159108285414908,0.043516483516483184,PRISMATIC_BATTERY
3.645145817392689,3.003448718988069,18.151286753398928,0.6582709003199289,0.05479853479853514,PRISMATIC_BATTERY
3.643900672735396,3.105553302908799,18.461930881995837,0.685340348535677,0.03545787545787604,PRISMATIC_BATTERY
3.6429673567527785,3.1303403555488507,17.364109395847546,0.6244448081120347,0.04190476190476211,PRISMATIC_BATTERY
3.6450891003739856,2.1792267176413396,17.82501267335502,0.6306676966153785,0.04029304029304015,PRISMATIC_BATTERY
3.643541535226059,4.208440145287985,15.508982355979882,0.58344185854548,0.05802197802197817,PRISMATIC_BATTERY
3.6440699570677726,2.879587616422648,18.125422058284038,0.6496958975886115,0.035457875457875154,PRISMATIC_BATTERY
3.6445492067350242,3.309801115370702,16.083039561864684,0.6089350249575034,0.05157509157509166,PRISMATIC_BATTERY
3.6436202079129854,2.9421143635970046,16.718177631852022,0.6288633386887041,0.04190476190476167,PRISMATIC_BATTERY
3.6463927612987717,4.880525250212119,18.847371559404515,0.6593631747024302,0.06285714285714272,PRISMATIC_BATTERY
3.645398839194771,2.62712374496274,19.829555318145285,0.6849880072924992,0.03706959706959756,PRISMATIC_BATTERY
3.6429375365504932,3.003142506584672,17.053982853819317,0.6140869243320464,0.04835164835164818,PRISMATIC_BATTERY
3.647400189922507,2.9697085029892625,16.609883988688992,0.6286637749925803,0.045128205128205146,PRISMATIC_BATTERY
3.6457240436709317,2.0832908453489347,17.182273622189175,0.6104135165964071,0.03868131868131863,PRISMATIC_BATTERY
3.6449004963555036,2.4827393681251793,17.70180710407138,0.6289421329811564,0.037069597069597116,PRISMATIC_BATTERY
3.6445213470761235,2.895863891493861,17.419071279021857,0.629225434336027,0.04351648351648363,PRISMATIC_BATTERY
3.6435548601531504,2.844925650071877,17.54812592004396,0.6214741609135884,0.03868131868131908,PRISMATIC_BATTERY
3.647245325985796,2.4006450755401105,16.149676469153963,0.5871101275988091,0.0354578754578756,PRISMATIC_BATTERY
3.644935478070191,2.6649424179675743,19.051208009620936,0.6513426469023942,0.04351648351648363,PRISMATIC_BATTERY
3.6444322125557527,4.652270559105432,17.609067194509997,0.6296052445421979,0.07413919413919423,PRISMATIC_BATTERY
3.644763286897426,2.49348571902391,16.108392131945056,0.585238918684202,0.03868131868131908,PRISMATIC_BATTERY
3.6443607618819382,5.157326771938562,17.337767565709893,0.6456098998737501,0.06930402930402968,PRISMATIC_BATTERY
3.646897654512526,2.120161580086124,16.679003451130097,0.6094844878237662,0.02578754578754605,PRISMATIC_BATTERY
3.6458448616835457,2.8985902986452445,16.967914124615245,0.6070644545739392,0.051575091575091214,PRISMATIC_BATTERY
3.6472724882322844,2.070012797969596,17.00319214683959,0.6236970363752333,0.03868131868131863,PRISMATIC_BATTERY
3.646191913991164,2.849584478864564,17.507894813056907,0.6024688461010673,0.04673992673992666,PRISMATIC_BATTERY
3.646351925207293,1.9523332212139317,16.757116808246256,0.6074789252891943,0.030622710622710603,PRISMATIC_BATTERY
3.645384662343086,2.22723013367227,17.46831868050507,0.6380760531642375,0.037069597069597116,PRISMATIC_BATTERY
3.6452570254402206,2.644471444068188,15.521993345421906,0.597009895518087,0.043516483516483184,PRISMATIC_BATTERY
3.646337880292955,2.3589035441339785,17.74872655672105,0.639254705495195,0.04190476190476167,PRISMATIC_BATTERY
3.6451191844662305,2.3242254907533377,18.482145419483118,0.6475232040518021,0.03868131868131908,PRISMATIC_BATTERY
3.6468998483632276,2.532453769341446,16.649094309090234,0.6225152364620511,0.04029304029304015,PRISMATIC_BATTERY
3.6478189592726684,1.8381207547169869,15.582925646956888,0.5650249299776808,0.032234432234432564,PRISMATIC_BATTERY
3.648504697217875,3.503357983351101,16.564656619529675,0.6121466991249686,0.05479853479853514,PRISMATIC_BATTERY
3.6469974306472235,2.3855212058906052,19.00439158241896,0.6480956918456607,0.04190476190476167,PRISMATIC_BATTERY
3.644378911130873,3.1026558968401137,16.23491814110692,0.6087102728566501,0.05157509157509166,PRISMATIC_BATTERY
3.6451289921188175,3.6203956191977436,17.552697846131057,0.6372180063540551,0.04996336996337014,PRISMATIC_BATTERY
3.6505056936464966,3.708331677832385,16.443249370013007,0.5956835637913663,0.05157509157509166,PRISMATIC_BATTERY
3.646716213861509,2.6638678686985116,19.541029484377724,0.6882127254828619,0.04673992673992666,PRISMATIC_BATTERY
3.6438055097774593,3.511158962686465,18.923708942235546,0.6714744703144123,0.04996336996337014,PRISMATIC_BATTERY
3.644072394987007,2.543131324100955,17.378692584386133,0.6043290153484484,0.043516483516483184,PRISMATIC_BATTERY
3.645526009751573,4.948708349549528,16.660401627103056,0.6214997625483832,0.0709157509157512,PRISMATIC_BATTERY
3.6487467751521576,2.310095872518267,18.641088409310058,0.6136025862608853,0.04190476190476167,PRISMATIC_BATTERY
3.6453451332554665,2.466018172674068,17.596583219522483,0.6377076487631351,0.04190476190476211,PRISMATIC_BATTERY
3.646726647624717,2.3257501957524855,17.3728610102762,0.6246864840671715,0.04673992673992666,PRISMATIC_BATTERY
3.645667969799363,2.4336252237202554,17.874585656060518,0.609687308895025,0.040293040293040594,PRISMATIC_BATTERY
3.64600710033014,2.7301797753630064,18.667208034603668,0.6638138422532273,0.04673992673992711,PRISMATIC_BATTERY
3.6460115086946585,2.2027833639144583,18.9140719579598,0.613823709735457,0.030622710622710603,PRISMATIC_BATTERY
3.647124041549754,2.1238837867308837,16.966493695465115,0.6117243246811073,0.032234432234432564,PRISMATIC_BATTERY
3.645571043101425,3.0480573985856503,16.203675839372508,0.5973071740699937,0.04835164835164818,PRISMATIC_BATTERY
3.647077802298942,5.841002054105349,15.741298443961295,0.588015755025177,0.0451282051282047,PRISMATIC_BATTERY
3.649077313888776,2.068939045091723,16.894392792632736,0.6042093555619277,0.03868131868131863,PRISMATIC_BATTERY
3.647133345240674,3.276088475197765,18.827547673636662,0.6741767213515854,0.05157509157509166,PRISMATIC_BATTERY
3.6464812227902565,2.447265911397729,18.24400072205805,0.6614033771019961,0.035457875457875154,PRISMATIC_BATTERY
3.646484157756554,3.006739617672748,16.369404984706396,0.6109932450455833,0.051575091575091214,PRISMATIC_BATTERY
3.6452399298865967,2.4939689481501164,17.689988849962987,0.6328771729448528,0.04190476190476167,PRISMATIC_BATTERY
3.646785100365608,2.0862869186806177,18.256544291792633,0.6336715670869291,0.025787545787545607,PRISMATIC_BATTERY
3.6465643412617434,2.8756606792951867,18.35106653566618,0.6555303912510017,0.05479853479853514,PRISMATIC_BATTERY
3.6489813248926235,2.6972552427810865,16.88436216858437,0.6040195622192073,0.04512820512820559,PRISMATIC_BATTERY
3.6447329147825847,2.728654838419674,18.53890488172755,0.6423141380276083,0.040293040293040594,PRISMATIC_BATTERY
3.646465504295839,1.8152271559487334,18.807243986189217,0.6270323295576482,0.03384615384615408,PRISMATIC_BATTERY
3.6444609941457315,3.2176243548947334,17.089079633303694,0.6255259518520543,0.05802197802197817,PRISMATIC_BATTERY
3.645851386351471,2.9001830679672764,19.84708577391803,0.6556646332412819,0.0354578754578756,PRISMATIC_BATTERY
3.647326286866753,2.0519933041493172,17.4235698039682,0.6122410160804547,0.037069597069597116,PRISMATIC_BATTERY
3.647697654742371,2.963494652667978,18.694990026142776,0.6372333711349836,0.04673992673992666,PRISMATIC_BATTERY
3.6442034592587627,2.402701619762182,16.923344766452765,0.6083777618167554,0.04512820512820559,PRISMATIC_BATTERY
3.6467012478858525,3.574107234153721,16.570550458668745,0.5970378733397871,0.05479853479853469,PRISMATIC_BATTERY
3.648672511362318,2.5409487101726693,17.12016325904877,0.6050112997353106,0.04190476190476211,PRISMATIC_BATTERY
3.6451680389637366,3.2887130406191964,17.528974711378083,0.6480795197411422,0.05479853479853514,PRISMATIC_BATTERY
3.645837685069714,1.9611371509281976,15.3110579621154,0.5623387288769339,0.03868131868131863,PRISMATIC_BATTERY
3.64522830001855,3.4078320983685093,16.539597495676013,0.5818993646311196,0.05479853479853514,PRISMATIC_BATTERY
3.6460821557938634,2.8837048246458843,17.06198708164176,0.6119616361225074,0.05802197802197817,PRISMATIC_BATTERY
3.6460960378306857,2.554102714063023,16.706944316616674,0.5979110543385745,0.051575091575091214,PRISMATIC_BATTERY
3.6459750393369346,2.380456311332876,18.72488364169999,0.655818442092301,0.04673992673992666,PRISMATIC_BATTERY
3.6470053172473405,3.482111954153542,18.60680690653921,0.6667390891473689,0.053186813186813175,PRISMATIC_BATTERY
3.644908415999948,2.318436415511787,17.873742460857265,0.6247811181098055,0.030622710622710603,PRISMATIC_BATTERY
3.6462436358441743,2.397154248662998,15.17859038695656,0.5449896994229615,0.04673992673992666,PRISMATIC_BATTERY
3.6463390878086392,3.323388968467587,17.126835944462126,0.6211979080333015,0.05802197802197773,PRISMATIC_BATTERY
3.6452096793253514,5.056535387453662,17.63670906923774,0.6284583375693195,0.06769230769230816,PRISMATIC_BATTERY
3.647209481481887,3.419110748083622,15.7330709601835,0.5587537080209581,0.05479853479853514,PRISMATIC_BATTERY
3.644834608522699,2.474803523870482,18.177423867079547,0.672910366253773,0.035457875457875154,PRISMATIC_BATTERY
3.6467798167920664,2.3697238428302394,15.606701404381768,0.569291015869115,0.04190476190476167,PRISMATIC_BATTERY
3.6467142905839265,4.1055069169019385,18.230971332700747,0.637931341569852,0.05641025641025621,PRISMATIC_BATTERY
3.646692854874289,2.234012170863385,16.376711523898177,0.5924112100695178,0.037069597069597116,PRISMATIC_BATTERY
3.6450712628807067,2.49300686862947,15.446284624660152,0.5805726845952561,0.037069597069597116,PRISMATIC_BATTERY
3.647466366134481,2.925865141273596,16.13509300747455,0.5944018474271893,0.04512820512820559,PRISMATIC_BATTERY
3.644715036346732,4.1288352722817505,18.23632565023057,0.6170319369850197,0.05318681318681362,PRISMATIC_BATTERY
3.6452091698025586,3.5960688386093267,17.059071557857553,0.6193649455861732,0.059633699633699244,PRISMATIC_BATTERY
3.6460048382581967,3.2348731143078155,19.47116256869169,0.673698760140846,0.04351648351648407,PRISMATIC_BATTERY
3.6444929365976693,3.3789699971460316,16.102762803251174,0.6337955910241235,0.04673992673992666,PRISMATIC_BATTERY
3.6474150960552154,3.1423086841022245,18.282650429672945,0.6518523557847233,0.04351648351648407,PRISMATIC_BATTERY
3.6487181056817524,2.7254150732823565,16.78678794510607,0.5999373951988027,0.0660805860805862,PRISMATIC_BATTERY
3.6451923555104453,2.378755117888351,16.615407774407558,0.5877869604638901,0.037069597069597116,PRISMATIC_BATTERY
3.6452490851748163,2.2697295023586195,18.718534766614386,0.6734076484161897,0.04029304029304015,PRISMATIC_BATTERY
3.6450496286564116,2.196947442776707,17.654449706155077,0.5962276920079171,0.045128205128205146,PRISMATIC_BATTERY
3.6458302163176075,3.1997592744099324,17.436596084243767,0.6057548902531986,0.045128205128205146,PRISMATIC_BATTERY
3.6466828875914605,3.2242608959415926,15.82799036109265,0.5644593295730161,0.04351648351648363,PRISMATIC_BATTERY
3.647145797014177,3.03927278778353,15.372371990153402,0.5533726481641149,0.06124542124542165,PRISMATIC_BATTERY
3.6436552446947594,2.8218165182946446,15.966584107051643,0.6337750445668238,0.04835164835164818,PRISMATIC_BATTERY
3.6457738875758126,3.702219897273277,16.19935577471137,0.5874838793877709,0.05802197802197817,PRISMATIC_BATTERY
3.6458953380485988,2.6491802066497776,17.155892549839486,0.6478795082066839,0.0515750915750921,PRISMATIC_BATTERY
3.6442340852697552,3.7051626529707806,18.685094665358044,0.6388146393687615,0.05641025641025621,PRISMATIC_BATTERY
3.6447633759857396,2.293552260132164,18.361235669675363,0.6097764565099734,0.03706959706959667,PRISMATIC_BATTERY
3.6462751637295026,2.767012222293174,15.79243300065771,0.5706961858199484,0.05157509157509166,PRISMATIC_BATTERY
3.648540808444837,2.5453088456510895,17.33352958560841,0.6062930079660411,0.04512820512820559,PRISMATIC_BATTERY
3.646069205234312,3.0734791938735273,16.35684341199889,0.5949016822899051,0.043516483516483184,PRISMATIC_BATTERY
3.648343196203635,2.097491135055839,18.446805731004844,0.6254398639816073,0.03384615384615408,PRISMATIC_BATTERY
3.6443773358830014,2.7614753233836002,18.97578830309127,0.6536146657772172,0.03868131868131908,PRISMATIC_BATTERY
3.646965157554532,3.129612868771992,16.694581795046968,0.6090532813100678,0.048351648351648624,PRISMATIC_BATTERY
3.6462065685906726,2.3616688524650247,17.832725232835287,0.6253079467248318,0.032234432234432564,PRISMATIC_BATTERY
3.64473176018822,2.3778860441118645,17.539989029074242,0.6378951011096551,0.04351648351648407,PRISMATIC_BATTERY
3.646379607030082,3.0927274725842344,16.553138232184118,0.6092899517936134,0.04190476190476211,PRISMATIC_BATTERY
3.647011067029271,2.6400665765745175,17.49223027350366,0.6163295692798657,0.037069597069597116,PRISMATIC_BATTERY
3.645167789544145,4.048888377119142,16.905038367266986,0.6251894862994479,0.051575091575091214,PRISMATIC_BATTERY
3.644886292621618,3.1494327558964437,18.03179612516521,0.6278997336625061,0.04996336996337014,PRISMATIC_BATTERY
3.646649097997207,2.317612216929622,16.738874353460613,0.6231724522984468,0.037069597069597116,PRISMATIC_BATTERY
3.6485633973592084,1.8824646394362996,16.493959113492537,0.5925623401656869,0.04190476190476211,PRISMATIC_BATTERY
3.6463067518966357,3.3415692123057377,16.87179150288917,0.6067656496411861,0.05318681318681273,PRISMATIC_BATTERY
3.6475802167484797,3.076146216091547,17.737205315872394,0.655673605185021,0.05157509157509166,PRISMATIC_BATTERY
3.647070980677775,2.7524573216861907,17.95145421954148,0.6101838755721095,0.04996336996337014,PRISMATIC_BATTERY
3.646513813606303,2.3560727613897954,16.228699114384877,0.5829469623755811,0.040293040293040594,PRISMATIC_BATTERY
3.6443997011314715,3.334840644755228,18.228771754500375,0.6546350273871893,0.04029304029304015,PRISMATIC_BATTERY
3.646320715004633,2.1707543276444285,15.357359894384494,0.5523519095612144,0.037069597069597116,PRISMATIC_BATTERY
3.6484577990794844,3.7465321472135997,14.887551619282984,0.5395926971843106,0.06446886446886468,PRISMATIC_BATTERY
3.6459887401025277,2.0122039134416503,18.59815838622465,0.6438623994310981,0.032234432234432564,PRISMATIC_BATTERY
3.6460388689339904,2.364008796675276,18.25949736826195,0.643964716083113,0.0354578754578756,PRISMATIC_BATTERY
3.647490635311233,2.684874057640334,17.01221026410381,0.6201139559700343,0.05479853479853469,PRISMATIC_BATTERY
3.6476416503783367,2.502621611865828,17.21343625980466,0.5951237647906921,0.045128205128205146,PRISMATIC_BATTERY
3.6443350801393173,2.228154213532271,17.836006578216658,0.6373615273904251,0.030622710622710603,PRISMATIC_BATTERY
3.644961991185449,3.366578670389492,17.76420296604719,0.6091939473517641,0.05479853479853469,PRISMATIC_BATTERY
3.6445086885460944,3.3406600156477246,18.619521633222885,0.6533803783052368,0.0499633699633697,PRISMATIC_BATTERY
3.645488115751823,2.563210458444215,17.901755150046313,0.6474801262611273,0.03384615384615408,PRISMATIC_BATTERY
9.623581513467881,2.690189016033691,16.14246861602714,0.6211211877774903,0.1392527472527476,9V_ZINC_CARBON_BATTERY_HEALTHY
9.638141331282581,2.4408985271436467,16.670699360791186,0.5925203414709135,0.13667399267399283,9V_ZINC_CARBON_BATTERY_HEALTHY
9.635728059500657,2.999158923707844,18.735051776096288,0.648686406752419,0.14956776556776674,9V_ZINC_CARBON_BATTERY_HEALTHY
9.637642194602945,2.623489979927563,17.218281648988697,0.5806966331241566,0.13409523809523805,9V_ZINC_CARBON_BATTERY_HEALTHY
9.634589034467393,2.7693713220538463,17.314687434474447,0.6129439211444851,0.12378021978022069,9V_ZINC_CARBON_BATTERY_HEALTHY
9.636140349044817,2.927620346530679,17.615861458960836,0.5997411874710136,0.13667399267399283,9V_ZINC_CARBON_BATTERY_HEALTHY
9.637434904234391,2.4191788414827924,16.75116141451344,0.5928089764460786,0.108307692307692,9V_ZINC_CARBON_BATTERY_HEALTHY
9.634771526608878,2.520342491863805,17.50400542517108,0.6210428646815985,0.13409523809523805,9V_ZINC_CARBON_BATTERY_HEALTHY
9.640297937944428,2.979415195312226,16.388595132100743,0.5827494687056516,0.15472527472527453,9V_ZINC_CARBON_BATTERY_HEALTHY
9.636855643337752,3.21598695924453,16.47804746965783,0.5826304689550103,0.1418315018315024,9V_ZINC_CARBON_BATTERY_HEALTHY
9.638954057925417,2.5331146713888395,18.174742299325974,0.6282097824081335,0.11604395604395457,9V_ZINC_CARBON_BATTERY_HEALTHY
9.636309178977402,2.8502328248710795,17.21809552514625,0.6083244215785417,0.12378021978022069,9V_ZINC_CARBON_BATTERY_HEALTHY
9.634902248974845,2.533805109668645,18.503830539001967,0.6311375062640104,0.11088644688644855,9V_ZINC_CARBON_BATTERY_HEALTHY
9.643557505438922,2.0837386668046944,18.749127226000137,0.6273306250302599,0.13667399267399283,9V_ZINC_CARBON_BATTERY_HEALTHY
9.640341273443942,2.767600506609173,16.391664327066525,0.6127511288856472,0.12120146520146591,9V_ZINC_CARBON_BATTERY_HEALTHY
9.638787394093708,2.9440523886985095,17.72994954875305,0.6053757711009304,0.1444102564102554,9V_ZINC_CARBON_BATTERY_HEALTHY
9.636858415639468,2.391960714289713,16.915150414696264,0.6121290067897771,0.10572893772893899,9V_ZINC_CARBON_BATTERY_HEALTHY
9.6436534113272,2.570068341846699,15.098463275317055,0.5424346089746354,0.1031501831501842,9V_ZINC_CARBON_BATTERY_HEALTHY
9.636473629096049,2.7170015565355765,18.097615784662114,0.60754106982238,0.11604395604395457,9V_ZINC_CARBON_BATTERY_HEALTHY
9.638394567343992,2.249501091192596,18.542311823721672,0.6390046691121353,0.12120146520146591,9V_ZINC_CARBON_BATTERY_HEALTHY
9.637098340064295,3.1863078837335723,16.94104790999352,0.5988344178816877,0.1186227106227129,9V_ZINC_CARBON_BATTERY_HEALTHY
9.634401564021157,2.7274922131254393,18.957505945770418,0.6601385917383243,0.10572893772893721,9V_ZINC_CARBON_BATTERY_HEALTHY
9.642426503576653,3.0865832409681095,15.618554450387132,0.577288605711116,0.12893772893772848,9V_ZINC_CARBON_BATTERY_HEALTHY
9.641176702202316,2.774925139045388,17.044024764967098,0.6211801185934941,0.11604395604395457,9V_ZINC_CARBON_BATTERY_HEALTHY
9.637639400101675,3.569957853588325,17.16204953423301,0.5694261084728625,0.172776556776558,9V_ZINC_CARBON_BATTERY_HEALTHY
9.638230589849213,2.76374996239145,19.64514822397125,0.6768018613835396,0.10057142857142942,9V_ZINC_CARBON_BATTERY_HEALTHY
9.64356087574578,2.7052517603707975,16.688268296710035,0.5744531823630273,0.11088644688644855,9V_ZINC_CARBON_BATTERY_HEALTHY
9.646567166847351,2.22178041324263,16.143967681328995,0.6002687327632956,0.09541391941391808,9V_ZINC_CARBON_BATTERY_HEALTHY
9.64086922521612,2.308182390385231,16.479077196801736,0.5842641913863177,0.10572893772893721,9V_ZINC_CARBON_BATTERY_HEALTHY
9.643113504188982,2.639270756248999,17.817451708093255,0.6067629400115376,0.12120146520146413,9V_ZINC_CARBON_BATTERY_HEALTHY
9.637718025328146,2.5775959958947414,17.177041770494487,0.5944113560492754,0.1263589743589737,9V_ZINC_CARBON_BATTERY_HEALTHY
9.640856311002604,2.5246783910995596,17.875879205965173,0.6540511037965593,0.1263589743589737,9V_ZINC_CARBON_BATTERY_HEALTHY
9.637764153094128,3.4565453165398305,18.563801417372044,0.6750421054736039,0.1031501831501842,9V_ZINC_CARBON_BATTERY_HEALTHY
9.638861944644981,2.4586815053163997,17.12776891539792,0.6085870175969694,0.0850989010989025,9V_ZINC_CARBON_BATTERY_HEALTHY
9.645755486699777,2.6378479842278146,17.53152936822103,0.61448218694055,0.10057142857142765,9V_ZINC_CARBON_BATTERY_HEALTHY
9.649253654596825,3.4594649329676197,18.7937716583384,0.6497423598156469,0.09541391941391808,9V_ZINC_CARBON_BATTERY_HEALTHY
9.641109349871853,2.800797794108269,19.155403689408555,0.6568313446070255,0.09799267399267464,9V_ZINC_CARBON_BATTERY_HEALTHY
9.644206177299177,2.7852248828331923,16.96322385803965,0.6073754658127395,0.10315018315018243,9V_ZINC_CARBON_BATTERY_HEALTHY
9.647233494764672,2.8230533338845323,18.263488560202273,0.640426438612105,0.10572893772893721,9V_ZINC_CARBON_BATTERY_HEALTHY
9.652098559291868,2.5647660159952923,16.382637203636207,0.601608085302849,0.11346520146520156,9V_ZINC_CARBON_BATTERY_HEALTHY
9.637072156493058,2.9973640373092296,17.78689639926817,0.608607594847291,0.11604395604395634,9V_ZINC_CARBON_BATTERY_HEALTHY
9.641805525993416,2.5927098982495513,16.99439526366563,0.6259099902201022,0.09541391941391808,9V_ZINC_CARBON_BATTERY_HEALTHY
9.64038946324258,2.324874432944185,17.921985475601932,0.6317317611403385,0.12378021978022069,9V_ZINC_CARBON_BATTERY_HEALTHY
9.639663096850072,3.111758671013726,18.41339956919142,0.6235039047926854,0.11862271062271112,9V_ZINC_CARBON_BATTERY_HEALTHY
9.64366794917816,2.49591727535418,17.71314110340958,0.6346696907177646,0.11604395604395457,9V_ZINC_CARBON_BATTERY_HEALTHY
9.635430849021636,2.36971496600557,17.409416409843256,0.6473090891243353,0.0850989010989025,9V_ZINC_CARBON_BATTERY_HEALTHY
9.640759358143256,3.5021663468939694,17.221715769902676,0.6351952372176456,0.108307692307692,9V_ZINC_CARBON_BATTERY_HEALTHY
9.642849445946007,2.2607530058441943,16.140968374826226,0.6353875724875948,0.09799267399267464,9V_ZINC_CARBON_BATTERY_HEALTHY
9.637240851071791,2.8703525532392935,19.140683946807837,0.6396047803191716,0.12893772893772848,9V_ZINC_CARBON_BATTERY_HEALTHY
9.644788483817528,2.1231812924175384,16.97971098113442,0.6240732065408187,0.10315018315018243,9V_ZINC_CARBON_BATTERY_HEALTHY
9.644995828156157,2.3333592173688444,17.33229677636369,0.612529888814039,0.09283516483516507,9V_ZINC_CARBON_BATTERY_HEALTHY
9.650992587136983,2.837546867545267,16.521044858412836,0.6270919207259382,0.12893772893772848,9V_ZINC_CARBON_BATTERY_HEALTHY
9.646206089598136,2.0984468840373847,16.64609827308075,0.5984400723203579,0.09025641025640851,9V_ZINC_CARBON_BATTERY_HEALTHY
9.650202779223118,2.49619364523443,19.041996862942405,0.6580238534430352,0.108307692307692,9V_ZINC_CARBON_BATTERY_HEALTHY
9.64042285140261,2.9414232085129157,18.591793496494464,0.6528126945541749,0.108307692307692,9V_ZINC_CARBON_BATTERY_HEALTHY
9.640218092091175,2.7520003455270188,17.90494636779884,0.6243474997430161,0.09541391941392163,9V_ZINC_CARBON_BATTERY_HEALTHY
9.6458691248257,2.68956580100506,15.604979776695297,0.5939770433833534,0.0850989010989025,9V_ZINC_CARBON_BATTERY_HEALTHY
9.64970265384666,4.018703138189457,17.814029070748244,0.6070136440257144,0.11862271062271112,9V_ZINC_CARBON_BATTERY_HEALTHY
9.65243574062979,2.3650078663642864,16.89937245207231,0.6306378279384954,0.1031501831501842,9V_ZINC_CARBON_BATTERY_HEALTHY
9.645259205404233,3.0929919239398664,15.316579559428813,0.5702896946578603,0.11346520146520156,9V_ZINC_CARBON_BATTERY_HEALTHY
9.645805204083207,2.54609780318741,16.627204065103133,0.58023851913915,0.09025641025640851,9V_ZINC_CARBON_BATTERY_HEALTHY
9.63921131365449,2.248339269455688,15.958671656032683,0.5907335832717663,0.12120146520146591,9V_ZINC_CARBON_BATTERY_HEALTHY
9.64494673574896,2.4790073964565735,19.232965955390387,0.6744649546666803,0.09025641025641029,9V_ZINC_CARBON_BATTERY_HEALTHY
9.641314966221517,2.3124277079122573,16.51809170326983,0.6061155836322897,0.09541391941391986,9V_ZINC_CARBON_BATTERY_HEALTHY
9.64348415658148,2.263802266007684,17.627201250049083,0.6091118882036086,0.09799267399267464,9V_ZINC_CARBON_BATTERY_HEALTHY
9.645507087257561,2.440131375949233,17.81200944071004,0.6083681004162214,0.10057142857142942,9V_ZINC_CARBON_BATTERY_HEALTHY
9.646538437650381,2.231811408777948,19.248367461379026,0.657311190258478,0.10572893772893721,9V_ZINC_CARBON_BATTERY_HEALTHY
9.648073485792887,2.2744710675351154,17.125532296535265,0.5987881358698853,0.09541391941391986,9V_ZINC_CARBON_BATTERY_HEALTHY
9.637086635268052,2.9208077118406512,16.300691162233726,0.6305480731262854,0.11604395604395457,9V_ZINC_CARBON_BATTERY_HEALTHY
9.642741792751735,2.4683766743691,15.966374074285728,0.5861102857714252,0.11862271062271112,9V_ZINC_CARBON_BATTERY_HEALTHY
9.649180905547928,2.5122280202804688,18.121467954687937,0.658418757689491,0.09283516483516507,9V_ZINC_CARBON_BATTERY_HEALTHY
9.648518385675288,2.340327032778252,16.07492464063608,0.5603329122439276,0.10830769230769377,9V_ZINC_CARBON_BATTERY_HEALTHY
9.648503179693696,2.5408026493877807,18.528428746490043,0.6516490417318034,0.1263589743589737,9V_ZINC_CARBON_BATTERY_HEALTHY
9.638810777119092,2.6230948156853273,18.08968700749491,0.6401713873173214,0.10572893772893543,9V_ZINC_CARBON_BATTERY_HEALTHY
9.6487398854337,2.729732436813856,15.859445475132098,0.6032356200307624,0.09541391941391808,9V_ZINC_CARBON_BATTERY_HEALTHY
9.639972843918285,2.6529030036755796,18.687713282388057,0.6338142910493186,0.10057142857142942,9V_ZINC_CARBON_BATTERY_HEALTHY
9.643108866569213,3.2506092272172085,16.46496250615192,0.6078658298190116,0.12635897435897547,9V_ZINC_CARBON_BATTERY_HEALTHY
9.648122364130709,2.5065438457760365,18.06985241858813,0.6351297854309153,0.09283516483516685,9V_ZINC_CARBON_BATTERY_HEALTHY
9.643208019773173,3.2137087844177414,16.49310297135316,0.6023511005512346,0.12893772893772848,9V_ZINC_CARBON_BATTERY_HEALTHY
9.644325184373308,2.5879387837542134,16.775474693681808,0.5694793568917775,0.10572893772893721,9V_ZINC_CARBON_BATTERY_HEALTHY
9.642315835269756,2.83424022652957,16.769266867105866,0.6081460521082492,0.11862271062271112,9V_ZINC_CARBON_BATTERY_HEALTHY
9.649121813771314,2.491650893166479,17.914052111623338,0.6250673325705336,0.10572893772893899,9V_ZINC_CARBON_BATTERY_HEALTHY
9.645452547419076,2.433010194569293,17.272751091339334,0.5995875519868428,0.10572893772893899,9V_ZINC_CARBON_BATTERY_HEALTHY
9.650589457684307,2.1534779038763676,17.978413815604725,0.6738546448886896,0.09541391941391808,9V_ZINC_CARBON_BATTERY_HEALTHY
9.64701229646724,2.608669185840692,19.351166916094652,0.638115337379512,0.09799267399267464,9V_ZINC_CARBON_BATTERY_HEALTHY
9.647249395507208,2.387083964478967,18.37711749492135,0.6704996092926535,0.09541391941391808,9V_ZINC_CARBON_BATTERY_HEALTHY
9.646126271967836,2.683327991458584,17.870483130151136,0.6420593484204045,0.09541391941391808,9V_ZINC_CARBON_BATTERY_HEALTHY
9.645167533266909,2.8731298823648928,17.017767626600634,0.605176803265482,0.09541391941391808,9V_ZINC_CARBON_BATTERY_HEALTHY
9.647389306091446,2.7381474748482484,15.791663382865014,0.5580187019141012,0.11604395604395457,9V_ZINC_CARBON_BATTERY_HEALTHY
9.639835674745889,2.576857503396593,16.826686187055966,0.6103242129539204,0.108307692307692,9V_ZINC_CARBON_BATTERY_HEALTHY
9.646103930427403,3.464907487588842,18.953257200628222,0.640289135469612,0.08767765567765551,9V_ZINC_CARBON_BATTERY_HEALTHY
9.647098545053767,2.527131740535805,18.32791370613777,0.6562446640486969,0.10572893772893721,9V_ZINC_CARBON_BATTERY_HEALTHY
9.645686142879741,3.3295193170504778,17.86809793135017,0.6222484085047076,0.12893772893773026,9V_ZINC_CARBON_BATTERY_HEALTHY
9.64737958518984,2.744714248763223,16.13632874459089,0.6077642468314111,0.11604395604395634,9V_ZINC_CARBON_BATTERY_HEALTHY
9.645187943040117,2.455233203580503,18.624086728277273,0.6515154703678943,0.09541391941391808,9V_ZINC_CARBON_BATTERY_HEALTHY
9.64876587537945,2.8919231003758052,18.083673588321243,0.6375675503433997,0.10572893772893721,9V_ZINC_CARBON_BATTERY_HEALTHY
9.642888921873434,2.5043322083347515,17.043295125435883,0.6075266488213643,0.10057142857142942,9V_ZINC_CARBON_BATTERY_HEALTHY
9.645125686288347,2.8469032346721894,16.616078366989235,0.572810088833756,0.12120146520146413,9V_ZINC_CARBON_BATTERY_HEALTHY
9.643536478490201,4.473243487627907,18.1707049837634,0.6517510045465055,0.1573040293040293,9V_ZINC_CARBON_BATTERY_HEALTHY
9.644541910795084,2.8071937110898997,17.052688623704146,0.5918831584964898,0.11862271062270935,9V_ZINC_CARBON_BATTERY_HEALTHY
9.648064241166495,2.399693325127108,16.313481529945914,0.5891199440916541,0.09541391941391986,9V_ZINC_CARBON_BATTERY_HEALTHY
9.644851356387106,2.322539064594139,18.087444983927465,0.6318622378592712,0.1031501831501842,9V_ZINC_CARBON_BATTERY_HEALTHY
9.642104084863242,2.460771583463679,19.901044883718278,0.65507408229075,0.11088644688644855,9V_ZINC_CARBON_BATTERY_HEALTHY
9.645091497389283,2.065211272096545,16.25999730741567,0.6070509930047415,0.1031501831501842,9V_ZINC_CARBON_BATTERY_HEALTHY
9.646929047444871,2.720926743827987,16.319740037440745,0.6096318950651456,0.11604395604395634,9V_ZINC_CARBON_BATTERY_HEALTHY
9.642587792510213,3.09763729021779,16.804784988170297,0.5892739884154045,0.12635897435897547,9V_ZINC_CARBON_BATTERY_HEALTHY
9.64682626001102,3.059584373192877,17.012951280774747,0.6254437779710815,0.1031501831501842,9V_ZINC_CARBON_BATTERY_HEALTHY
9.643807073907059,3.6333663500084534,18.83248256655171,0.6065838551163801,0.13151648351648504,9V_ZINC_CARBON_BATTERY_HEALTHY
9.645266299896766,2.1344968577536405,16.6520231213764,0.5751053857354398,0.09541391941392163,9V_ZINC_CARBON_BATTERY_HEALTHY
9.646238926798643,2.8189351979440205,15.979926339918038,0.5806889130388561,0.09541391941391808,9V_ZINC_CARBON_BATTERY_HEALTHY
9.644774995680324,2.2482646044910064,15.817401284180907,0.6190069293935526,0.09025641025640851,9V_ZINC_CARBON_BATTERY_HEALTHY
9.643850004038793,2.8344988525054307,15.77856766912182,0.5797632330372412,0.11088644688644855,9V_ZINC_CARBON_BATTERY_HEALTHY
9.64582678278875,2.713663727503311,16.823435064181698,0.6124595347320935,0.10572893772893721,9V_ZINC_CARBON_BATTERY_HEALTHY
9.649765058521355,2.1889582689811333,17.323110417970405,0.6004035334895635,0.10830769230769377,9V_ZINC_CARBON_BATTERY_HEALTHY
9.647706554341726,2.386071334832131,17.031272629458282,0.6087721207602763,0.09283516483516685,9V_ZINC_CARBON_BATTERY_HEALTHY
9.645842282543223,2.3739077307782503,17.150870779398556,0.6335741967645204,0.10057142857142765,9V_ZINC_CARBON_BATTERY_HEALTHY
9.649699681939298,3.3546645237671946,18.10874749407814,0.6196140764647439,0.13151648351648149,9V_ZINC_CARBON_BATTERY_HEALTHY
9.642641819251494,2.2807848965491404,17.601233486260185,0.6230387680424817,0.11604395604395812,9V_ZINC_CARBON_BATTERY_HEALTHY
9.642451776055623,2.330358964495465,17.54072848929553,0.6418079116393357,0.09541391941391808,9V_ZINC_CARBON_BATTERY_HEALTHY
9.6439066905517,2.5878172652350573,18.398470101745716,0.6310527071158265,0.09799267399267464,9V_ZINC_CARBON_BATTERY_HEALTHY
9.654792355219211,2.519980208323191,17.03834320874658,0.5882745716259442,0.108307692307692,9V_ZINC_CARBON_BATTERY_HEALTHY
9.64573313223565,3.255626666394876,19.45006177962971,0.6830702019873987,0.1547252747252763,9V_ZINC_CARBON_BATTERY_HEALTHY
9.642203636341144,2.672128949092398,17.37217022238175,0.6411973884382047,0.10830769230769377,9V_ZINC_CARBON_BATTERY_HEALTHY
9.648785819221008,4.376072892900838,17.47149082042893,0.6261575692713645,0.1598827838827841,9V_ZINC_CARBON_BATTERY_HEALTHY
9.641647382862551,3.1151266636391965,18.20107490987392,0.6184435225291578,0.09799267399267464,9V_ZINC_CARBON_BATTERY_HEALTHY
9.641160736264483,2.379796155949462,18.63988799918783,0.6798371037991109,0.11604395604395812,9V_ZINC_CARBON_BATTERY_HEALTHY
9.641814531776626,2.556403996333527,17.702516843032296,0.6235337024686723,0.10315018315018243,9V_ZINC_CARBON_BATTERY_HEALTHY
9.645220811285231,2.4266955723953183,16.48928012408321,0.5961291615242023,0.10057142857142942,9V_ZINC_CARBON_BATTERY_HEALTHY
9.646131766431164,2.4525890968292536,16.623270489364124,0.5946269899982012,0.10315018315018243,9V_ZINC_CARBON_BATTERY_HEALTHY
9.644392843490243,2.2767428416369873,18.592305969363792,0.6307271231441144,0.0850989010989025,9V_ZINC_CARBON_BATTERY_HEALTHY
9.644486515676787,3.7717959154952254,19.966990572080764,0.7073524879117329,0.13409523809523805,9V_ZINC_CARBON_BATTERY_HEALTHY
9.642918099853848,4.264568825191284,17.21954930237337,0.618361422915407,0.1573040293040293,9V_ZINC_CARBON_BATTERY_HEALTHY
9.644072976307562,3.7245968285343465,20.420576840476144,0.6656430066107313,0.1263589743589737,9V_ZINC_CARBON_BATTERY_HEALTHY
9.644071431737585,3.3850028983170617,18.225513736074298,0.6363907358355853,0.110886446886445,9V_ZINC_CARBON_BATTERY_HEALTHY
9.645325467002856,3.1025228474534297,15.910223651104976,0.5846927452159565,0.11604395604395457,9V_ZINC_CARBON_BATTERY_HEALTHY
9.640642776483702,2.4910978116870917,17.130045978971147,0.6289283945344215,0.09799267399267464,9V_ZINC_CARBON_BATTERY_HEALTHY
9.646437755530117,2.6500729081990166,17.18343950592151,0.6252704725464134,0.12893772893772848,9V_ZINC_CARBON_BATTERY_HEALTHY
9.644716561232258,2.3384534686622223,16.80897186510117,0.6101770018274348,0.0850989010989025,9V_ZINC_CARBON_BATTERY_HEALTHY
9.643751353920912,2.924549888067715,16.67160080911984,0.6091023315625417,0.10572893772893721,9V_ZINC_CARBON_BATTERY_HEALTHY
9.646035780050509,2.6962435227141377,16.5846678352495,0.5797099268902276,0.10830769230769377,9V_ZINC_CARBON_BATTERY_HEALTHY
9.643658819279299,2.6919871594869393,17.470333450709763,0.5675537930052268,0.09283516483516507,9V_ZINC_CARBON_BATTERY_HEALTHY
9.64390719047689,2.859347297558071,18.526939526723655,0.6529414961505776,0.10057142857142942,9V_ZINC_CARBON_BATTERY_HEALTHY
9.645879391884204,3.0507446839891346,16.273552827045627,0.564443222640231,0.11088644688644678,9V_ZINC_CARBON_BATTERY_HEALTHY
9.64625540481636,2.0968244086634673,17.942412110576775,0.6338252295196517,0.10572893772893721,9V_ZINC_CARBON_BATTERY_HEALTHY
9.64388023240504,2.9105778766094335,17.730275244150228,0.6317294417254817,0.1031501831501842,9V_ZINC_CARBON_BATTERY_HEALTHY
9.64287794476471,2.346396888413513,16.464591165329804,0.5948069735764976,0.10830769230769377,9V_ZINC_CARBON_BATTERY_HEALTHY
9.641469752389721,2.21752353758091,17.667536260428594,0.631582430884682,0.10057142857142942,9V_ZINC_CARBON_BATTERY_HEALTHY
9.642814205910954,2.4750287579140795,17.170709581323713,0.6089435881713617,0.07736263736263638,9V_ZINC_CARBON_BATTERY_HEALTHY
9.649987535776004,3.0650662681912255,19.824435234937987,0.6880558525509771,0.09283516483516685,9V_ZINC_CARBON_BATTERY_HEALTHY
9.649295185608555,3.371916952161323,19.284112480256077,0.6328253186553354,0.11604395604395457,9V_ZINC_CARBON_BATTERY_HEALTHY
9.64423375331188,3.42636019446206,16.661568545443632,0.6170909359868054,0.09799267399267464,9V_ZINC_CARBON_BATTERY_HEALTHY
9.642371810105361,2.4036946491382785,16.437540816425734,0.5880976188060308,0.0850989010989025,9V_ZINC_CARBON_BATTERY_HEALTHY
9.642233950905165,3.0454625258147052,17.232051479503944,0.6154730444583728,0.11604395604395634,9V_ZINC_CARBON_BATTERY_HEALTHY
9.644720332764255,2.3111196564106784,18.102991142111872,0.6371875502579278,0.08767765567765373,9V_ZINC_CARBON_BATTERY_HEALTHY
9.64292295307235,2.7554018009736745,17.55723585515206,0.6145085739616303,0.09025641025640851,9V_ZINC_CARBON_BATTERY_HEALTHY
9.646957122334674,2.655438242259194,18.028236428571038,0.6224595583680735,0.07736263736263815,9V_ZINC_CARBON_BATTERY_HEALTHY
9.648895140031613,3.1661696362062304,17.63995995323222,0.6532242116175422,0.13409523809523982,9V_ZINC_CARBON_BATTERY_HEALTHY
9.64577531267037,2.1797572588848646,16.757567186715562,0.605913707372687,0.12120146520146413,9V_ZINC_CARBON_BATTERY_HEALTHY
9.649490619311464,2.9837904307105023,17.073686770877966,0.6138943299846795,0.1779340659340658,9V_ZINC_CARBON_BATTERY_HEALTHY
9.647549074883248,2.988979284147794,18.57150489923061,0.601720988238363,0.11604395604395457,9V_ZINC_CARBON_BATTERY_HEALTHY
9.65231024373339,2.8207209738510453,17.364315611403914,0.632437810656808,0.13925274725274583,9V_ZINC_CARBON_BATTERY_HEALTHY
9.639280529858222,2.982644042517024,18.197104349689745,0.6458230780028457,0.11604395604395634,9V_ZINC_CARBON_BATTERY_HEALTHY
9.652038071264677,3.1604959003974695,15.295540179257287,0.5440816668625638,0.1573040293040293,9V_ZINC_CARBON_BATTERY_HEALTHY
9.651582681635999,2.7149659636279693,18.951649353913847,0.6056243958966563,0.1031501831501842,9V_ZINC_CARBON_BATTERY_HEALTHY
9.646121780569201,2.7422284411528555,17.585964141448137,0.5789415388351741,0.13151648351648326,9V_ZINC_CARBON_BATTERY_HEALTHY
9.636099979381891,2.3474310955762796,15.847547264725526,0.5921666196835568,0.11604395604395457,9V_ZINC_CARBON_BATTERY_HEALTHY
9.640997062753328,3.624506222783351,17.100610875161312,0.5925094561405042,0.18824908424908315,9V_ZINC_CARBON_BATTERY_HEALTHY
9.64842520580047,2.9859282988600904,17.24208036354986,0.6452706924164441,0.13409523809523805,9V_ZINC_CARBON_BATTERY_HEALTHY
9.647134475992898,3.0499674306125795,16.783614450904047,0.5843857518184238,0.15472527472527453,9V_ZINC_CARBON_BATTERY_HEALTHY
9.64797145667723,2.8044775279378142,17.6406539159729,0.6191884864675222,0.14956776556776852,9V_ZINC_CARBON_BATTERY_HEALTHY
9.645729507601777,2.140197954219268,15.630204238543953,0.6009380503706695,0.09799267399267286,9V_ZINC_CARBON_BATTERY_HEALTHY
9.651380491412835,3.1408941277545255,18.20175788811833,0.6200118202012145,0.13409523809523805,9V_ZINC_CARBON_BATTERY_HEALTHY
9.647241408088606,3.057252759865808,18.117816336745076,0.6291040531722217,0.1392527472527476,9V_ZINC_CARBON_BATTERY_HEALTHY
9.64420309337312,2.466554119405773,17.843524546291896,0.6181499232466616,0.1418315018315024,9V_ZINC_CARBON_BATTERY_HEALTHY
9.645346241849897,2.5774063522873147,17.275311264396812,0.6061419053408401,0.12378021978022247,9V_ZINC_CARBON_BATTERY_HEALTHY
9.650009835592176,1.9005254810171337,17.657153618862036,0.6164209512398741,0.11088644688644855,9V_ZINC_CARBON_BATTERY_HEALTHY
9.64884636037332,2.8002687451983914,17.813004103741786,0.6127424643854755,0.09799267399267286,9V_ZINC_CARBON_BATTERY_HEALTHY
9.647160341016312,2.7368836617075254,16.708504905433724,0.6249282746480928,0.11088644688644855,9V_ZINC_CARBON_BATTERY_HEALTHY
9.644378461873593,2.2854183613929884,16.157580534999575,0.5674074986883181,0.1263589743589737,9V_ZINC_CARBON_BATTERY_HEALTHY
9.643874214321546,2.657943381485988,17.346610096905696,0.6000882043783993,0.10572893772893721,9V_ZINC_CARBON_BATTERY_HEALTHY
9.640117231864494,3.0701921548359374,17.31094970392656,0.6507312780106564,0.15214652014651797,9V_ZINC_CARBON_BATTERY_HEALTHY
9.647632423671496,2.248972857575598,15.239008362685732,0.5702802791162653,0.12120146520146413,9V_ZINC_CARBON_BATTERY_HEALTHY
9.649124043266145,3.2615228641839202,16.368482139025044,0.6014449519588602,0.11862271062271112,9V_ZINC_CARBON_BATTERY_HEALTHY
9.645382136226292,3.473230743234172,17.28850920395678,0.6083127932846792,0.12635897435897547,9V_ZINC_CARBON_BATTERY_HEALTHY
9.647407150408466,3.699515760795941,17.788414739357076,0.6261000602837264,0.14441025641025718,9V_ZINC_CARBON_BATTERY_HEALTHY
9.650255385135447,2.926341572352008,18.880897807471428,0.6333335822405673,0.12378021978022069,9V_ZINC_CARBON_BATTERY_HEALTHY
9.64527001088653,2.554103455711011,17.519633074648667,0.6355517964692814,0.09541391941391808,9V_ZINC_CARBON_BATTERY_HEALTHY
9.64162193412198,2.2118471794730317,16.41630013920266,0.5700111341951154,0.11088644688644855,9V_ZINC_CARBON_BATTERY_HEALTHY
9.635627231641504,2.699893540782774,16.392684578173725,0.5913260854977644,0.11346520146520156,9V_ZINC_CARBON_BATTERY_HEALTHY
9.641176978101216,3.0161676982037293,17.675000856249937,0.5908948891810186,0.12635897435897547,9V_ZINC_CARBON_BATTERY_HEALTHY
9.63567732565012,2.2735296890421557,17.533479741237013,0.5865767519063957,0.12120146520146413,9V_ZINC_CARBON_BATTERY_HEALTHY
9.638961520983981,2.8920815815994723,18.21817234913388,0.6478842928255439,0.17277655677655623,9V_ZINC_CARBON_BATTERY_HEALTHY
9.645566725148472,2.726257892979188,16.12736691503086,0.619181899836021,0.13925274725274583,9V_ZINC_CARBON_BATTERY_HEALTHY
9.633021861689695,3.2598845699432464,18.424038842551738,0.634047302403645,0.18051282051282058,9V_ZINC_CARBON_BATTERY_HEALTHY
9.633022503697655,2.60907167056369,16.927318952030216,0.5965900952746601,0.1547252747252763,9V_ZINC_CARBON_BATTERY_HEALTHY
9.643425448820794,2.7244687645271735,14.929218597221013,0.5425469758746243,0.1444102564102554,9V_ZINC_CARBON_BATTERY_HEALTHY
9.646711578452383,2.903942303510507,18.022416543307482,0.6370940911149228,0.17535531135531102,9V_ZINC_CARBON_BATTERY_HEALTHY
9.641122017160384,3.7201314812074733,18.353222175521303,0.658205009323266,0.16504029304029366,9V_ZINC_CARBON_BATTERY_HEALTHY
9.643524066069665,3.1127323600687453,17.60855247912524,0.6312717132850654,0.14183150183150062,9V_ZINC_CARBON_BATTERY_HEALTHY
9.645312784551214,2.170026070192386,17.911142019179813,0.6571913967686829,0.13409523809523627,9V_ZINC_CARBON_BATTERY_HEALTHY
9.642790841213973,2.8206762813109734,15.898416217207206,0.5452028142311796,0.1444102564102554,9V_ZINC_CARBON_BATTERY_HEALTHY
9.648489391767631,2.2434855097315105,16.350285296816704,0.5911409084559247,0.11604395604395812,9V_ZINC_CARBON_BATTERY_HEALTHY
9.641074963945222,2.4759603786472724,18.967260281796804,0.6326441416720459,0.1598827838827841,9V_ZINC_CARBON_BATTERY_HEALTHY
9.644406033946108,3.235809791976824,16.977173699308086,0.600785029282125,0.1598827838827841,9V_ZINC_CARBON_BATTERY_HEALTHY
9.64035520408684,2.2971212570563537,15.732662929586706,0.5781160199899533,0.13151648351648326,9V_ZINC_CARBON_BATTERY_HEALTHY
9.644921733533392,2.653597790328783,17.107696274218416,0.6027603249741064,0.13409523809523805,9V_ZINC_CARBON_BATTERY_HEALTHY
9.641327186635532,2.6311361295045463,17.466893027396964,0.6148876410207659,0.15214652014651975,9V_ZINC_CARBON_BATTERY_HEALTHY
9.637753487544884,2.616891310317513,16.914611391669514,0.6228564812701504,0.14698901098901018,9V_ZINC_CARBON_BATTERY_HEALTHY
9.640357973657663,3.5354402076703075,18.238238589044624,0.6452186616497383,0.16761904761904667,9V_ZINC_CARBON_BATTERY_HEALTHY
9.642470924336761,2.394972207692244,18.130051253629833,0.625461594936801,0.13151648351648326,9V_ZINC_CARBON_BATTERY_HEALTHY
9.645108892633536,2.2441880465758923,17.164413974387493,0.59721924818733,0.14956776556776497,9V_ZINC_CARBON_BATTERY_HEALTHY
9.649149768566849,2.686893293806989,17.944327395167722,0.6406561943953629,0.13151648351648149,9V_ZINC_CARBON_BATTERY_HEALTHY
9.651899604306925,3.2174238589020803,18.108052796502577,0.6316133783962878,0.15988278388278232,9V_ZINC_CARBON_BATTERY_HEALTHY
9.639931748730872,2.675361755675415,17.77460484911274,0.6103340455371166,0.15472527472527453,9V_ZINC_CARBON_BATTERY_HEALTHY
9.642619409293875,2.653346835302535,16.252542904821258,0.580026139139616,0.13925274725274583,9V_ZINC_CARBON_BATTERY_HEALTHY
9.654285291915514,2.892040125680687,16.45539807534048,0.6054122719181491,0.14183150183150062,9V_ZINC_CARBON_BATTERY_HEALTHY
9.646931708281343,2.7349460401859735,20.17440003133027,0.6698058841033682,0.11346520146520156,9V_ZINC_CARBON_BATTERY_HEALTHY
9.64542244463304,2.7513275035493034,18.45257151852803,0.6418948031137476,0.1392527472527476,9V_ZINC_CARBON_BATTERY_HEALTHY
9.64097724937386,2.298021518832134,18.37507330988017,0.6189628987222504,0.11862271062271112,9V_ZINC_CARBON_BATTERY_HEALTHY
9.643355507265083,2.2296104256251317,16.262088107799364,0.5809188111857693,0.13151648351648326,9V_ZINC_CARBON_BATTERY_HEALTHY
9.642106322877556,2.4379584582392293,17.80565888344815,0.6362349404104032,0.108307692307692,9V_ZINC_CARBON_BATTERY_HEALTHY
9.642703185165985,3.019002243597306,19.090594970047636,0.644431673349688,0.13409523809523805,9V_ZINC_CARBON_BATTERY_HEALTHY
9.64135297067541,2.706951576647823,18.089699778971,0.6073069442421396,0.11862271062270935,9V_ZINC_CARBON_BATTERY_HEALTHY
9.633974661414037,3.466814734653268,16.420761784261835,0.5700402976506929,0.17535531135531102,9V_ZINC_CARBON_BATTERY_HEALTHY
9.645455851566853,2.5671677156957453,16.512606308088607,0.5958241244819378,0.14441025641025718,9V_ZINC_CARBON_BATTERY_HEALTHY
9.642701338659887,3.435378841884453,16.16198793035179,0.5596409964010479,0.15472527472527453,9V_ZINC_CARBON_BATTERY_HEALTHY
9.642063584990595,2.638373450609669,18.311128373189142,0.6272994023878119,0.15214652014651975,9V_ZINC_CARBON_BATTERY_HEALTHY
9.647339836405708,3.1066925648851136,16.651373524525784,0.6048250917875191,0.13151648351648326,9V_ZINC_CARBON_BATTERY_HEALTHY
9.649060852222291,3.066717545898614,17.728285304605436,0.635562651235583,0.1418315018315024,9V_ZINC_CARBON_BATTERY_HEALTHY
9.645500230798275,2.6805762205015524,17.33992188696957,0.6012761185431462,0.14956776556776497,9V_ZINC_CARBON_BATTERY_HEALTHY
9.644978046601766,2.737621973446952,16.12767963363264,0.5363761056687467,0.1418315018315024,9V_ZINC_CARBON_BATTERY_HEALTHY
9.635618610007429,2.5849581962673884,17.524083904233365,0.6225211666197187,0.1263589743589737,9V_ZINC_CARBON_BATTERY_HEALTHY
9.646472106829684,3.6321831157652285,16.36142131923208,0.6084638295436308,0.15214652014651975,9V_ZINC_CARBON_BATTERY_HEALTHY
9.6470897889135,2.9684400776922044,17.913278881094993,0.6006350548905611,0.14441025641025718,9V_ZINC_CARBON_BATTERY_HEALTHY
9.642020214126479,2.6282925377145845,17.79728034745457,0.6205672352500221,0.13151648351648326,9V_ZINC_CARBON_BATTERY_HEALTHY
9.638079072136588,2.50970242114442,17.160185569549753,0.6201277349890544,0.11604395604395634,9V_ZINC_CARBON_BATTERY_HEALTHY
9.639062698583775,2.1321029221737176,16.303883847633266,0.5896417583063913,0.12120146520146413,9V_ZINC_CARBON_BATTERY_HEALTHY
9.646232513789892,1.9727911860256937,19.024320522493237,0.6703431874524702,0.08767765567765551,9V_ZINC_CARBON_BATTERY_HEALTHY
9.646102520614658,2.188831549539739,17.62782112865118,0.6534812268672592,0.11346520146520334,9V_ZINC_CARBON_BATTERY_HEALTHY
9.644690513833675,2.443583187391076,17.521400912055416,0.6237931535755867,0.12120146520146413,9V_ZINC_CARBON_BATTERY_HEALTHY
9.650359395358931,2.3091041935038445,14.906156905460227,0.536904687981942,0.13925274725274583,9V_ZINC_CARBON_BATTERY_HEALTHY
9.640495237143472,3.194575996360269,18.900504189852544,0.6339238201116738,0.1444102564102554,9V_ZINC_CARBON_BATTERY_HEALTHY
9.639087139932926,3.4810536348543826,16.876477607757483,0.5854819191798953,0.17277655677655623,9V_ZINC_CARBON_BATTERY_HEALTHY
9.6422083381911,3.1082118131987513,18.178628062394445,0.6417289431037592,0.15988278388278587,9V_ZINC_CARBON_BATTERY_HEALTHY
9.64610962999833,2.540271844645493,17.440787230171676,0.5840077352423442,0.11346520146519978,9V_ZINC_CARBON_BATTERY_HEALTHY
9.64784624117618,2.3483158045325387,17.298221581614172,0.607045125391812,0.13151648351648326,9V_ZINC_CARBON_BATTERY_HEALTHY
9.64813174999767,2.131173638337981,16.789366595982926,0.6157840117999692,0.11346520146520156,9V_ZINC_CARBON_BATTERY_HEALTHY
9.643308661482443,3.79669930501436,17.610919530466404,0.6079000779228282,0.18824908424908493,9V_ZINC_CARBON_BATTERY_HEALTHY
9.645102630556059,2.1553223666584302,16.91144370718404,0.582626786043561,0.108307692307692,9V_ZINC_CARBON_BATTERY_HEALTHY
9.640945737567057,3.0587020018156417,18.3442898714474,0.6138869300815272,0.13151648351648149,9V_ZINC_CARBON_BATTERY_HEALTHY
9.632848433408135,2.801258656472854,18.0652942098399,0.6388009296272443,0.1392527472527476,9V_ZINC_CARBON_BATTERY_HEALTHY
9.635100794011926,2.258712998291441,15.795504003556019,0.600854051493661,0.11346520146520156,9V_ZINC_CARBON_BATTERY_HEALTHY
9.64499038303262,3.006924163891706,15.902595233697962,0.5873722604519387,0.1392527472527476,9V_ZINC_CARBON_BATTERY_HEALTHY
9.638000725845297,3.7882321635844467,16.265292529142883,0.6026608841509952,0.1366739926739946,9V_ZINC_CARBON_BATTERY_HEALTHY
9.639674334590584,2.5675272425765137,17.7351466740769,0.6246564265701648,0.12120146520146591,9V_ZINC_CARBON_BATTERY_HEALTHY
9.64156436685384,2.3846775668043327,16.13561965841584,0.5600627101816656,0.09541391941391986,9V_ZINC_CARBON_BATTERY_HEALTHY
9.642690085482018,2.624118281036786,18.191207711146625,0.6456142324742485,0.15988278388278587,9V_ZINC_CARBON_BATTERY_HEALTHY
9.635315578047743,2.658261672406767,18.64473726869577,0.6407415088193708,0.12120146520146413,9V_ZINC_CARBON_BATTERY_HEALTHY
9.63993592568897,2.756946346157482,16.417590246280344,0.5968030629332345,0.15214652014652152,9V_ZINC_CARBON_BATTERY_HEALTHY
9.639006607945417,2.3563877720882833,17.395654175073695,0.6233497233801054,0.108307692307692,9V_ZINC_CARBON_BATTERY_HEALTHY
9.638929793890133,3.4494963445762292,18.75082804043222,0.6158501800130781,0.1547252747252763,9V_ZINC_CARBON_BATTERY_HEALTHY
9.640489660141096,2.400059965545084,16.053568990914904,0.5873871226508356,0.1392527472527476,9V_ZINC_CARBON_BATTERY_HEALTHY
9.63700354201918,2.385489584376551,15.919978020610868,0.5603608942058946,0.1263589743589737,9V_ZINC_CARBON_BATTERY_HEALTHY
9.637498202557609,3.0521681692805958,17.689006554322027,0.6338617241946437,0.1392527472527476,9V_ZINC_CARBON_BATTERY_HEALTHY
9.64049172780562,2.8729452792267134,18.451977440945257,0.6260390919100769,0.1392527472527476,9V_ZINC_CARBON_BATTERY_HEALTHY
9.638586699964428,2.382598933667334,18.676112419496445,0.6313733812124156,0.10572893772893721,9V_ZINC_CARBON_BATTERY_HEALTHY
9.637305194331434,2.831126449943373,17.10677837868894,0.6029140045753943,0.17277655677655623,9V_ZINC_CARBON_BATTERY_HEALTHY
9.643865891397246,2.054606311593409,16.911970299397815,0.6155915471694474,0.12120146520146413,9V_ZINC_CARBON_BATTERY_HEALTHY
9.646651521962031,2.591441307577974,15.230538546975692,0.5564365265639459,0.1418315018315024,9V_ZINC_CARBON_BATTERY_HEALTHY
9.638021706223478,2.7854743199065752,16.524531287787855,0.5975329233345654,0.13409523809523805,9V_ZINC_CARBON_BATTERY_HEALTHY
9.63881264679279,2.063895550673316,17.31390536155796,0.6106846873064502,0.1263589743589737,9V_ZINC_CARBON_BATTERY_HEALTHY
9.631479590187327,2.574834497248422,17.008536316848737,0.6290149807819623,0.13151648351648504,9V_ZINC_CARBON_BATTERY_HEALTHY
9.645530471228733,3.3791442404383365,16.489126815918997,0.5909882925114852,0.18567032967033015,9V_ZINC_CARBON_BATTERY_HEALTHY
9.643261591352843,2.7067523205724062,17.59105881389777,0.6267427776715857,0.12893772893773026,9V_ZINC_CARBON_BATTERY_HEALTHY
9.638425773567006,3.2275370166904063,18.357448510961813,0.6465294125338075,0.1392527472527476,9V_ZINC_CARBON_BATTERY_HEALTHY
9.642500162202493,2.510184219443501,17.487405896439203,0.5813547605435054,0.14441025641025718,9V_ZINC_CARBON_BATTERY_HEALTHY
9.64624724422853,3.743527525452658,16.014832252146785,0.5972864202762062,0.13151648351648326,9V_ZINC_CARBON_BATTERY_HEALTHY
9.649642037092468,2.932120048089799,16.652527393895788,0.6100122418984176,0.13409523809523982,9V_ZINC_CARBON_BATTERY_HEALTHY
9.636763863656908,3.392365933262222,18.023567958711805,0.6033925508380528,0.18051282051282058,9V_ZINC_CARBON_BATTERY_HEALTHY
9.641340808921594,3.361401688405138,18.57145598740521,0.65783122763597,0.1392527472527476,9V_ZINC_CARBON_BATTERY_HEALTHY
9.64211426799659,2.7072991638095845,18.022456302081938,0.6298055783336709,0.12378021978021891,9V_ZINC_CARBON_BATTERY_HEALTHY
9.634982176841396,3.119957651325268,18.519878159301847,0.6497301773528085,0.12120146520146591,9V_ZINC_CARBON_BATTERY_HEALTHY
9.636333076960598,4.781867145630559,18.068178838390146,0.6425788137649973,0.18051282051282058,9V_ZINC_CARBON_BATTERY_HEALTHY
9.637813271737633,2.727790988785997,18.72589943460783,0.6828761569353178,0.11346520146520156,9V_ZINC_CARBON_BATTERY_HEALTHY
9.64196572180933,2.142472174928934,18.267711263680486,0.6303536098726319,0.10057142857142942,9V_ZINC_CARBON_BATTERY_HEALTHY
9.635199513718865,2.661419450671037,16.708347479585793,0.5848250399633357,0.16246153846153888,9V_ZINC_CARBON_BATTERY_HEALTHY
9.641379539217365,3.270740373251622,17.097002971616572,0.6294143633447922,0.1263589743589737,9V_ZINC_CARBON_BATTERY_HEALTHY
9.640788168365862,3.7579011608053303,17.146770985344272,0.6312019928454841,0.16761904761904844,9V_ZINC_CARBON_BATTERY_HEALTHY
9.639253184584458,2.7925544308753647,17.14928371572612,0.6275163019836747,0.13151648351648326,9V_ZINC_CARBON_BATTERY_HEALTHY
9.639896139313542,2.1418423378172826,16.645062639245978,0.5657899645052736,0.11346520146520156,9V_ZINC_CARBON_BATTERY_HEALTHY
9.635018039083882,2.789122840251919,17.66199528286772,0.6184036377360851,0.13409523809523627,9V_ZINC_CARBON_BATTERY_HEALTHY
9.643920271268842,2.4161210845337653,16.467512779621746,0.6132814677871672,0.1392527472527476,9V_ZINC_CARBON_BATTERY_HEALTHY
9.644726939836634,2.942446257557755,16.081526162859962,0.5651117399118615,0.14698901098901196,9V_ZINC_CARBON_BATTERY_HEALTHY
9.646194216612331,2.2897840670040757,16.86484225661543,0.5873436144530461,0.1418315018315024,9V_ZINC_CARBON_BATTERY_HEALTHY
9.645844595525686,2.4545648344932296,17.29461674423425,0.6113151591476288,0.14441025641025718,9V_ZINC_CARBON_BATTERY_HEALTHY
9.643030819748756,3.012894292854547,18.196284021151417,0.6135150482576737,0.17535531135531102,9V_ZINC_CARBON_BATTERY_HEALTHY
9.645894981177422,3.482035560340302,19.47616071477648,0.6484708061440718,0.18567032967033015,9V_ZINC_CARBON_BATTERY_HEALTHY
9.641584211788397,2.573991180447214,18.52148803090159,0.6544812263302652,0.13151648351648326,9V_ZINC_CARBON_BATTERY_HEALTHY
9.641193159557805,2.3588364477801704,18.380082018099426,0.5988450246517397,0.11862271062271112,9V_ZINC_CARBON_BATTERY_HEALTHY
9.641355262318498,3.3605290258144174,16.8557159173801,0.6299552412213898,0.12893772893772848,9V_ZINC_CARBON_BATTERY_HEALTHY
9.643564597735466,3.2294140883268394,16.784596723817927,0.6181315657176671,0.1598827838827841,9V_ZINC_CARBON_BATTERY_HEALTHY
9.64665805877619,2.518974529052001,17.812397947090634,0.6021461309616477,0.14698901098901196,9V_ZINC_CARBON_BATTERY_HEALTHY
9.6388292634156,2.6765132087325787,19.053242071991384,0.6201524877034408,0.15214652014652152,9V_ZINC_CARBON_BATTERY_HEALTHY
9.639892407284467,2.3337589734635333,18.124005221820596,0.6097418555825368,0.1186227106227129,9V_ZINC_CARBON_BATTERY_HEALTHY
9.64197174970515,2.8106828629236587,17.911662082304172,0.5868979601863836,0.12893772893773026,9V_ZINC_CARBON_BATTERY_HEALTHY
9.63465666360068,2.3886621420773086,17.92887410414413,0.6379741851206617,0.12120146520146413,9V_ZINC_CARBON_BATTERY_HEALTHY
9.641217574813716,3.443044411584485,17.833873245116965,0.6186526915593836,0.13667399267399283,9V_ZINC_CARBON_BATTERY_HEALTHY
9.639383544352858,2.6921225650158607,18.68436112107664,0.6184147502814419,0.1418315018315024,9V_ZINC_CARBON_BATTERY_HEALTHY
9.637346864811372,3.787169338289391,17.054006175618017,0.6243434949340987,0.1779340659340658,9V_ZINC_CARBON_BATTERY_HEALTHY
9.63555696949873,2.380184508990065,18.086366727333157,0.6468486139275729,0.108307692307692,9V_ZINC_CARBON_BATTERY_HEALTHY
9.646220342676905,2.6189690833349517,15.171943326957178,0.5493362742419906,0.13667399267399283,9V_ZINC_CARBON_BATTERY_HEALTHY
9.63985674080987,2.854733891481934,15.762965080193547,0.5666412120375713,0.13667399267399105,9V_ZINC_CARBON_BATTERY_HEALTHY
9.639023770980666,3.3324781417332376,16.614279962036633,0.5902139750731232,0.14956776556776497,9V_ZINC_CARBON_BATTERY_HEALTHY
9.63750463000349,4.436562699922729,17.552823141582046,0.6242052025648989,0.1521465201465233,9V_ZINC_CARBON_BATTERY_HEALTHY
9.6444076146621,2.950478924966189,17.504530787087358,0.6011281333518467,0.14183150183150062,9V_ZINC_CARBON_BATTERY_HEALTHY
9.641239993202808,3.5396819445349577,18.373203452570856,0.6140523065970703,0.15472527472527453,9V_ZINC_CARBON_BATTERY_HEALTHY
9.640841353324683,3.904846745089556,17.29229410430165,0.6240482156109954,0.18051282051282058,9V_ZINC_CARBON_BATTERY_HEALTHY
9.646393980367451,3.3582464678003427,19.118161553121215,0.6655348275966395,0.13409523809523982,9V_ZINC_CARBON_BATTERY_HEALTHY
9.632287449048892,3.5107628824627573,16.865844823571628,0.6142053308125733,0.15214652014651975,9V_ZINC_CARBON_BATTERY_HEALTHY
9.639799507923197,2.684670507752401,17.10005915646528,0.6249389231494428,0.11862271062271112,9V_ZINC_CARBON_BATTERY_HEALTHY
9.63932289030228,2.405992758955556,18.962845962424844,0.6728725767632755,0.10315018315018243,9V_ZINC_CARBON_BATTERY_HEALTHY
9.633697435769719,3.7376710228125813,16.886241188571304,0.6112332486356508,0.1598827838827841,9V_ZINC_CARBON_BATTERY_HEALTHY
9.643822544153643,4.45657126705941,16.310835247209535,0.6021864193255224,0.17793406593406758,9V_ZINC_CARBON_BATTERY_HEALTHY
9.642089891219545,2.67946655470066,15.16958379921932,0.5568219085169007,0.11604395604395457,9V_ZINC_CARBON_BATTERY_HEALTHY
9.639791383260896,3.211549820266108,16.63626960242676,0.6272558429106948,0.12378021978021891,9V_ZINC_CARBON_BATTERY_HEALTHY
9.641550434509407,3.22136859749976,16.255788540765092,0.5643132630009514,0.15214652014652152,9V_ZINC_CARBON_BATTERY_HEALTHY
9.635767029748848,2.791903795295956,16.114003983653628,0.5583952020647514,0.13667399267399283,9V_ZINC_CARBON_BATTERY_HEALTHY
9.637498264658555,3.940441528770281,18.717946960254785,0.6437095869026077,0.1444102564102554,9V_ZINC_CARBON_BATTERY_HEALTHY
9.630535326895771,2.499614213701319,18.510560371220333,0.6024769431079582,0.12120146520146591,9V_ZINC_CARBON_BATTERY_HEALTHY
9.637644513003385,3.5602376918826035,17.218881131050697,0.6222746197605867,0.13925274725274583,9V_ZINC_CARBON_BATTERY_HEALTHY
9.638960468877624,3.292583817725921,18.86181838320718,0.6483853111580092,0.14698901098901018,9V_ZINC_CARBON_BATTERY_HEALTHY
9.645564917109398,3.5867981822222346,18.45656654623723,0.6228878828958844,0.1573040293040293,9V_ZINC_CARBON_BATTERY_HEALTHY
9.639251094232996,3.4459865215982983,18.658400321200237,0.6434571416620364,0.1366739926739946,9V_ZINC_CARBON_BATTERY_HEALTHY
9.64187761857813,2.6687747063743625,19.117542499370547,0.6226966122099498,0.11862271062270935,9V_ZINC_CARBON_BATTERY_HEALTHY
9.638355588745982,2.5574656192173872,16.528340670341013,0.5947271140886203,0.12378021978022069,9V_ZINC_CARBON_BATTERY_HEALTHY
9.636772517044337,4.6516751410373685,17.92823611682557,0.6077935688252463,0.20114285714285707,9V_ZINC_CARBON_BATTERY_HEALTHY
9.635302368245625,2.903703658929769,18.868524547771532,0.63485202222047,0.16761904761904844,9V_ZINC_CARBON_BATTERY_HEALTHY
9.634648926298327,3.85693954578536,18.19118294513963,0.6243653789773388,0.16504029304029366,9V_ZINC_CARBON_BATTERY_HEALTHY
9.63754927355117,2.7045290650267186,17.212395844834504,0.6134885291228794,0.1418315018315024,9V_ZINC_CARBON_BATTERY_HEALTHY
9.634073946590657,3.5059733626108076,17.65241639899606,0.6193645345843724,0.12893772893772848,9V_ZINC_CARBON_BATTERY_HEALTHY
9.629493915087496,2.7903823468449027,17.667915774768026,0.6424293195635645,0.13409523809523982,9V_ZINC_CARBON_BATTERY_HEALTHY
9.635082918276055,2.6854775309845085,16.777464423980383,0.5872059017957022,0.13151648351648326,9V_ZINC_CARBON_BATTERY_HEALTHY
9.640408099992825,2.8551516687296945,17.877553347436567,0.623061729132265,0.12893772893773026,9V_ZINC_CARBON_BATTERY_HEALTHY
9.633010445331335,2.7159695735292284,16.93845695127183,0.6124672736608777,0.12893772893772848,9V_ZINC_CARBON_BATTERY_HEALTHY
9.643210217879178,3.357048810311087,18.357496318765467,0.645748576511481,0.1830915750915736,9V_ZINC_CARBON_BATTERY_HEALTHY
9.642280915704413,2.364542156251854,17.54138430329558,0.5903483583398945,0.10057142857142942,9V_ZINC_CARBON_BATTERY_HEALTHY
9.641590364071916,2.559172844730972,17.8295116566571,0.6116300226268896,0.12893772893772848,9V_ZINC_CARBON_BATTERY_HEALTHY
9.643200097967371,4.258901497616615,18.294431082332988,0.6118202873901625,0.18051282051282058,9V_ZINC_CARBON_BATTERY_HEALTHY
9.634933469959968,2.7322983067739037,17.83875293981742,0.6223108898750692,0.11604395604395457,9V_ZINC_CARBON_BATTERY_HEALTHY
9.6396578108304,2.38715994026131,17.814568502746184,0.614067190660227,0.09283516483516685,9V_ZINC_CARBON_BATTERY_HEALTHY
9.639310058527471,2.5699430472184335,16.28302537436067,0.5990361085108757,0.1392527472527476,9V_ZINC_CARBON_BATTERY_HEALTHY
9.64002481927518,2.196073070968371,16.3303176972644,0.5628370851698068,0.12378021978022069,9V_ZINC_CARBON_BATTERY_HEALTHY
9.637936849515071,3.9142860338637053,19.37185631753749,0.6613444524632321,0.1753553113553128,9V_ZINC_CARBON_BATTERY_HEALTHY
9.637835234029573,2.6726751003804,16.925074440687304,0.6233229540137691,0.14956776556776497,9V_ZINC_CARBON_BATTERY_HEALTHY
9.63296080170488,4.3187373596487495,17.71341302690818,0.5955827608267679,0.18567032967033015,9V_ZINC_CARBON_BATTERY_HEALTHY
9.64141747444372,2.3860162656590913,16.284022382587796,0.5790864998078434,0.13667399267399283,9V_ZINC_CARBON_BATTERY_HEALTHY
9.63700182897998,2.545357501479597,18.315667073962516,0.652183924404239,0.1392527472527476,9V_ZINC_CARBON_BATTERY_HEALTHY
9.634900715013147,2.329812808873904,17.4138294769976,0.613126417019922,0.12378021978021891,9V_ZINC_CARBON_BATTERY_HEALTHY
9.640559132736408,3.1091071300774025,17.365509899549316,0.6111615899196653,0.1573040293040293,9V_ZINC_CARBON_BATTERY_HEALTHY
9.63054532201416,3.214493825865261,16.637532361173943,0.6020586905601317,0.1573040293040311,9V_ZINC_CARBON_BATTERY_HEALTHY
9.635035416280102,2.5050804291846176,17.975856341803603,0.6334861338881982,0.15214652014652152,9V_ZINC_CARBON_BATTERY_HEALTHY
9.6378825531803,2.4086346705887314,16.92554737910751,0.6115345665368355,0.1263589743589737,9V_ZINC_CARBON_BATTERY_HEALTHY
9.634413548172061,2.731465683131103,16.0449622043289,0.56750469903722,0.13667399267399283,9V_ZINC_CARBON_BATTERY_HEALTHY
9.637379066329327,2.8696914239320743,17.585292527469115,0.6317812754137313,0.13409523809523982,9V_ZINC_CARBON_BATTERY_HEALTHY
9.628883165604494,2.87536340151456,16.315896328299644,0.5791538461321815,0.14183150183150417,9V_ZINC_CARBON_BATTERY_HEALTHY
9.634478343431,2.7630266045064187,16.84085903828976,0.6000516031557264,0.12120146520146413,9V_ZINC_CARBON_BATTERY_HEALTHY
9.632982661154887,2.9860536111731237,20.356389386803183,0.6951054123856509,0.12893772893772848,9V_ZINC_CARBON_BATTERY_HEALTHY
9.639931310684789,2.428628993366669,17.219364734643953,0.6173805034632647,0.1573040293040293,9V_ZINC_CARBON_BATTERY_HEALTHY
9.638813267717554,3.4388294730491427,17.6479165087945,0.6262404268866916,0.18309157509157536,9V_ZINC_CARBON_BATTERY_HEALTHY
9.636634018783473,2.5958412906689787,15.968060219766645,0.5808992366541191,0.14698901098901196,9V_ZINC_CARBON_BATTERY_HEALTHY
9.645921035664637,2.5565167396893402,17.21070159689315,0.5719198188769937,0.12378021978022069,9V_ZINC_CARBON_BATTERY_HEALTHY
9.638353287765314,3.654236547805371,18.677597546515802,0.6289090847714176,0.1753553113553128,9V_ZINC_CARBON_BATTERY_HEALTHY
9.640162901492069,3.253954329547358,20.022658281475135,0.6723256446618414,0.13409523809523627,9V_ZINC_CARBON_BATTERY_HEALTHY
9.644451285071018,4.884412804183259,16.64500240705169,0.6279058781765027,0.18567032967032837,9V_ZINC_CARBON_BATTERY_HEALTHY
9.636112827508269,2.7275857633478866,16.161141062285868,0.5824662198884213,0.13151648351648504,9V_ZINC_CARBON_BATTERY_HEALTHY
9.639663774633135,2.783959778104357,17.639937741573636,0.6420413990545198,0.12635897435897547,9V_ZINC_CARBON_BATTERY_HEALTHY
9.630972369725445,3.2170618702536804,17.337022478342767,0.601879741037106,0.11088644688644855,9V_ZINC_CARBON_BATTERY_HEALTHY
9.635871482763303,2.6782901954421017,18.505975545608862,0.6454030618371666,0.12120146520146591,9V_ZINC_CARBON_BATTERY_HEALTHY
9.635178218341373,2.3791255276813406,16.90153322693211,0.60660092927274,0.12893772893772848,9V_ZINC_CARBON_BATTERY_HEALTHY
9.639605885234122,2.797449638587001,19.620360426856763,0.6344853826285386,0.10572893772893899,9V_ZINC_CARBON_BATTERY_HEALTHY
9.638024759353716,2.341469640105472,16.132715279945817,0.5859573002120994,0.13151648351648326,9V_ZINC_CARBON_BATTERY_HEALTHY
9.634883900085166,3.142923248292795,18.780439993813314,0.6426821571799001,0.15988278388278587,9V_ZINC_CARBON_BATTERY_HEALTHY
9.640328336104423,4.215671917694008,18.893065067208923,0.6679646929274285,0.17793406593406758,9V_ZINC_CARBON_BATTERY_HEALTHY
9.64021657104712,2.6205410598355305,16.289188539946338,0.5686022998120739,0.13667399267399105,9V_ZINC_CARBON_BATTERY_HEALTHY
9.634467165201453,2.48042354334691,17.147385757099283,0.5942007984235128,0.1392527472527476,9V_ZINC_CARBON_BATTERY_HEALTHY
9.644999201407785,2.603881263043702,17.404553409113607,0.5253624791635935,0.1366739926739946,9V_ZINC_CARBON_BATTERY_HEALTHY
9.635451505445499,3.662329152490878,16.168522500303833,0.5874617070102645,0.15214652014652152,9V_ZINC_CARBON_BATTERY_HEALTHY
9.640064574077314,2.748205767882,19.20665481121567,0.649157292813036,0.13409523809523805,9V_ZINC_CARBON_BATTERY_HEALTHY
9.628656429801623,4.129276719480765,16.259163083121567,0.6011826944465836,0.1908278388278397,9V_ZINC_CARBON_BATTERY_HEALTHY
9.637435599424533,3.7501389263825127,16.396224972134217,0.5843556208495188,0.16761904761904844,9V_ZINC_CARBON_BATTERY_HEALTHY
9.64257150994687,3.577975521105567,17.929365425053224,0.6268814289327123,0.17535531135531102,9V_ZINC_CARBON_BATTERY_HEALTHY
9.640798156303466,2.8374520636365035,16.94305979656387,0.620054548560268,0.16504029304029366,9V_ZINC_CARBON_BATTERY_HEALTHY
9.635116935634885,2.522940079003264,17.15407453751606,0.5991118923665635,0.12635897435897547,9V_ZINC_CARBON_BATTERY_HEALTHY
9.635311630292687,3.429107994195746,17.097232394792815,0.6096348818052457,0.1547252747252763,9V_ZINC_CARBON_BATTERY_HEALTHY
9.630352695785229,2.9809112823893864,16.400954369932396,0.6164953229782352,0.12378021978021891,9V_ZINC_CARBON_BATTERY_HEALTHY
9.636742268107891,2.8336310934483846,17.921041279474704,0.6070173658548172,0.12378021978021891,9V_ZINC_CARBON_BATTERY_HEALTHY
9.63183317097638,2.9679429570367617,18.843564386090357,0.6607574452316193,0.1263589743589737,9V_ZINC_CARBON_BATTERY_HEALTHY
9.642252101321128,2.9358055128632308,16.328854283494874,0.5819298883229761,0.12378021978021891,9V_ZINC_CARBON_BATTERY_HEALTHY
9.640007535577206,3.0395558410506167,18.275419635699585,0.64550470840592,0.11604395604395634,9V_ZINC_CARBON_BATTERY_HEALTHY
9.63843587951819,2.4974892688833457,17.463290245009517,0.6340729485972548,0.11604395604395634,9V_ZINC_CARBON_BATTERY_HEALTHY
9.624433737791042,3.2861887586171195,16.45325266110811,0.5879504449892718,0.1598827838827841,9V_ZINC_CARBON_BATTERY_HEALTHY
9.63761628506008,2.258939470914572,17.948978574116463,0.6369637937984706,0.11346520146520334,9V_ZINC_CARBON_BATTERY_HEALTHY
9.636362338624977,2.481427887063867,17.390745280242655,0.6306487943649579,0.12378021978022069,9V_ZINC_CARBON_BATTERY_HEALTHY
9.63374707560023,3.0651389399261593,20.457696346079754,0.6843257680215932,0.11346520146520156,9V_ZINC_CARBON_BATTERY_HEALTHY
9.64379678567941,2.8162758467262377,16.419801621206677,0.5901951015421881,0.13667399267399105,9V_ZINC_CARBON_BATTERY_HEALTHY
9.641891376301519,2.9245787869839717,17.166714514649993,0.6090679809675075,0.13667399267399105,9V_ZINC_CARBON_BATTERY_HEALTHY
9.633183547971763,3.1965460387151263,18.267053166637172,0.647724866283172,0.16504029304029366,9V_ZINC_CARBON_BATTERY_HEALTHY
9.637261979735053,2.9216341475500887,17.898914903960623,0.5819513002438381,0.09799267399267464,9V_ZINC_CARBON_BATTERY_HEALTHY
9.643803976062188,3.8923068052711947,16.877293986321916,0.5965572118477821,0.16246153846153888,9V_ZINC_CARBON_BATTERY_HEALTHY
9.641501115917501,2.663527419901076,18.40061587031464,0.6099394537851577,0.13409523809523805,9V_ZINC_CARBON_BATTERY_HEALTHY
9.635430298620161,3.78914278688826,17.33504913922789,0.6260244989455932,0.12378021978021891,9V_ZINC_CARBON_BATTERY_HEALTHY
9.638524466118207,3.5130774281808814,16.02713511869743,0.5885376935464772,0.12893772893772848,9V_ZINC_CARBON_BATTERY_HEALTHY
9.634835951928252,2.667413905792327,17.042952124068634,0.6267465606254213,0.1392527472527476,9V_ZINC_CARBON_BATTERY_HEALTHY
9.635079988446686,2.8479250386552124,17.14216557361668,0.6217368072258911,0.1444102564102554,9V_ZINC_CARBON_BATTERY_HEALTHY
9.638374001746145,2.584574042132527,16.741419621433742,0.5578993407623073,0.13667399267399283,9V_ZINC_CARBON_BATTERY_HEALTHY
9.632169850081093,3.1455727430486315,18.54558264659309,0.6681897932665,0.13151648351648326,9V_ZINC_CARBON_BATTERY_HEALTHY
9.629924080660368,2.9376526010624557,17.398709076640092,0.5943253971428938,0.1263589743589737,9V_ZINC_CARBON_BATTERY_HEALTHY
9.640251434282325,2.2489434142691556,19.330479032787235,0.6411608032105016,0.09799267399267464,9V_ZINC_CARBON_BATTERY_HEALTHY
9.64174033511428,2.3147785960599054,16.505225625715553,0.5931544476839771,0.11088644688644855,9V_ZINC_CARBON_BATTERY_HEALTHY
9.638919698805427,2.6692760598143352,16.346342852352944,0.5819239082319811,0.13151648351648326,9V_ZINC_CARBON_BATTERY_HEALTHY
9.630980261886508,2.8703865655265837,18.570076636762412,0.657923146271522,0.1263589743589737,9V_ZINC_CARBON_BATTERY_HEALTHY
9.638598180436047,2.7251370114104927,17.484853310642333,0.6362089596054669,0.13409523809523627,9V_ZINC_CARBON_BATTERY_HEALTHY
9.645813752841338,3.228685298783758,17.381624442391367,0.6222389728764165,0.1418315018315024,9V_ZINC_CARBON_BATTERY_HEALTHY
9.634187040884289,2.5820069310979035,18.162259243459125,0.6265792278090576,0.13151648351648326,9V_ZINC_CARBON_BATTERY_HEALTHY
9.634975711477763,3.022097880376103,16.249525077396765,0.5995153605101813,0.1547252747252763,9V_ZINC_CARBON_BATTERY_HEALTHY
9.636271013161148,7.148244000194955,16.89808282448777,0.579940306794115,0.18567032967033015,9V_ZINC_CARBON_BATTERY_HEALTHY
9.6411392936873,2.752935119806258,15.947821847039107,0.5716089699029441,0.12893772893773026,9V_ZINC_CARBON_BATTERY_HEALTHY
9.638139466653392,2.7218819497718627,18.14911546173452,0.6433701565962058,0.13409523809523805,9V_ZINC_CARBON_BATTERY_HEALTHY
9.63639049260637,2.3967247813465886,16.934137782361812,0.5969045552537654,0.11604395604395634,9V_ZINC_CARBON_BATTERY_HEALTHY
9.634545493637003,4.432243363161744,16.717411967370168,0.608747122173188,0.16246153846154066,9V_ZINC_CARBON_BATTERY_HEALTHY
9.632806910877513,2.8299790174799586,17.60143424840547,0.602941871519965,0.12893772893772848,9V_ZINC_CARBON_BATTERY_HEALTHY
9.63928283061755,2.9499232790411147,16.52192496250258,0.5938261238032904,0.11346520146520334,9V_ZINC_CARBON_BATTERY_HEALTHY
9.628131206504372,3.555944254453297,17.467595909583675,0.5689326008623393,0.1573040293040293,9V_ZINC_CARBON_BATTERY_HEALTHY
9.63507366808736,2.927074780871274,16.471021859418553,0.5670276024542549,0.14956776556776497,9V_ZINC_CARBON_BATTERY_HEALTHY
9.638040863306012,2.5397487055378867,19.242386717413666,0.6407051686869197,0.11862271062271112,9V_ZINC_CARBON_BATTERY_HEALTHY
9.633606861618349,4.280650375203488,16.53990110546875,0.5888392382704354,0.18051282051282058,9V_ZINC_CARBON_BATTERY_HEALTHY
9.624593029158955,3.136480483965997,15.281093803582515,0.5752993193299926,0.12893772893772848,9V_ZINC_CARBON_BATTERY_HEALTHY
9.63693650037259,2.1917984963901413,17.72578175545084,0.6152380380516558,0.13151648351648326,9V_ZINC_CARBON_BATTERY_HEALTHY
9.632801082624862,3.0777021713500057,16.502375414040102,0.6174079448319477,0.1573040293040293,9V_ZINC_CARBON_BATTERY_HEALTHY
9.63671580754257,2.4969628678834765,16.166694400417573,0.5819565107846103,0.13409523809523627,9V_ZINC_CARBON_BATTERY_HEALTHY
9.63876295025968,3.058574874592149,17.629648909822443,0.6241323098816264,0.13667399267399283,9V_ZINC_CARBON_BATTERY_HEALTHY
9.63832054961507,2.826632503966567,17.91963793672232,0.6435722812694702,0.12893772893772848,9V_ZINC_CARBON_BATTERY_HEALTHY
9.630551565936914,3.0022250056067903,16.905671563527058,0.5950856237601712,0.13151648351648326,9V_ZINC_CARBON_BATTERY_HEALTHY
9.640043546408062,3.143379293995113,17.97213709877538,0.6588699950833825,0.1263589743589737,9V_ZINC_CARBON_BATTERY_HEALTHY
9.630625943744382,3.051459371441683,17.139001784593766,0.6266519794538605,0.12120146520146591,9V_ZINC_CARBON_BATTERY_HEALTHY
9.631613434833808,3.1847535914954364,17.79664131863926,0.6307015628643945,0.12120146520146591,9V_ZINC_CARBON_BATTERY_HEALTHY
9.627952934696301,3.01992846881264,16.729283027479745,0.6125500579827164,0.12378021978021891,9V_ZINC_CARBON_BATTERY_HEALTHY
9.634293957929811,3.3859187868857665,17.81445564650031,0.6014554457928268,0.13667399267399105,9V_ZINC_CARBON_BATTERY_HEALTHY
9.637722989839347,2.6671341304595706,16.05296905860626,0.5829865241514262,0.13151648351648504,9V_ZINC_CARBON_BATTERY_HEALTHY
9.63873094136889,3.661266897078972,18.134374877242788,0.6386657890330951,0.1418315018315024,9V_ZINC_CARBON_BATTERY_HEALTHY
9.63783657432805,2.8972671547553217,17.265710339476595,0.6116658034891125,0.13409523809523805,9V_ZINC_CARBON_BATTERY_HEALTHY
9.63294837565718,2.910052899283391,17.123567981828742,0.6228029768611306,0.16246153846153888,9V_ZINC_CARBON_BATTERY_HEALTHY
9.64260223886566,2.0708996541847307,19.626852043364007,0.6744196563161436,0.11346520146519978,9V_ZINC_CARBON_BATTERY_HEALTHY
9.633669978008422,2.537772517714006,16.896624874585136,0.6104153566398891,0.14956776556776674,9V_ZINC_CARBON_BATTERY_HEALTHY
9.638298860960512,2.8957340472984203,16.133097207530106,0.5756413700286475,0.12378021978021891,9V_ZINC_CARBON_BATTERY_HEALTHY
9.642103224486261,2.3484492440061873,18.637685280529876,0.6622041256553681,0.12120146520146768,9V_ZINC_CARBON_BATTERY_HEALTHY
9.636211995765525,2.763131214713712,17.86116894124924,0.6267942074893282,0.1418315018315024,9V_ZINC_CARBON_BATTERY_HEALTHY
9.6371973308477,3.0144592246682187,17.08324466649083,0.6117198252907583,0.12893772893772848,9V_ZINC_CARBON_BATTERY_HEALTHY
9.626075383245078,3.6683849028570763,17.16356983910589,0.6156237793405713,0.18567032967033015,9V_ZINC_CARBON_BATTERY_HEALTHY
9.63737760693892,1.9828572510641207,20.698503468642876,0.6346098753211273,0.10315018315018598,9V_ZINC_CARBON_BATTERY_HEALTHY
9.63361441855686,4.781036976825585,18.018343753667093,0.6522711784438313,0.18309157509157536,9V_ZINC_CARBON_BATTERY_HEALTHY
9.636274748317996,2.98454727613178,16.70522374129403,0.6296592847788258,0.1392527472527476,9V_ZINC_CARBON_BATTERY_HEALTHY
9.64174292151494,2.8675970576836987,16.67428848902887,0.5958190886332799,0.1418315018315024,9V_ZINC_CARBON_BATTERY_HEALTHY
9.636351559384147,2.761787160868376,16.03862545352656,0.5736080263033144,0.12120146520146413,9V_ZINC_CARBON_BATTERY_HEALTHY
9.635478933974634,3.4118987852532423,17.522290491884405,0.5959144053188983,0.14441025641025718,9V_ZINC_CARBON_BATTERY_HEALTHY
9.638810237259369,2.5854522528129347,18.212006352083172,0.6489540423356196,0.12378021978022069,9V_ZINC_CARBON_BATTERY_HEALTHY
9.63083888558065,3.645882075565001,16.662257586546904,0.5796556763000287,0.1573040293040293,9V_ZINC_CARBON_BATTERY_HEALTHY
9.63845735743216,3.228215076941834,17.787605244769182,0.6275287567400909,0.1392527472527476,9V_ZINC_CARBON_BATTERY_HEALTHY
9.631260227455584,3.0066407922995695,15.07830076543577,0.5523539771462451,0.12378021978022069,9V_ZINC_CARBON_BATTERY_HEALTHY
9.635479197958965,2.9092633949104987,18.30870458475737,0.6402154189316044,0.14698901098901196,9V_ZINC_CARBON_BATTERY_HEALTHY
9.63454002707728,2.542267724737503,19.326844582562316,0.6767928942808322,0.11346520146520334,9V_ZINC_CARBON_BATTERY_HEALTHY
9.634659488301173,2.651637893243057,16.229399613319078,0.5729788862953598,0.14441025641025718,9V_ZINC_CARBON_BATTERY_HEALTHY
9.645437881263826,3.3680559081138557,19.584787816999654,0.6737228211651219,0.14956776556776674,9V_ZINC_CARBON_BATTERY_HEALTHY
9.63581942979296,3.173078467278781,17.571255278745696,0.6490981377713815,0.13667399267399283,9V_ZINC_CARBON_BATTERY_HEALTHY
9.635425690084944,3.160391792957995,16.962864347672795,0.6158919367711908,0.16761904761904844,9V_ZINC_CARBON_BATTERY_HEALTHY
9.63691147737509,3.0607931351399373,18.995241689503956,0.6289536663080333,0.12120146520146413,9V_ZINC_CARBON_BATTERY_HEALTHY
9.637916846999653,2.911248456849756,15.371433590119247,0.5541262747537377,0.13667399267399283,9V_ZINC_CARBON_BATTERY_HEALTHY
9.638939487093245,2.979706610391816,16.213750031177515,0.5895093718192381,0.1418315018315024,9V_ZINC_CARBON_BATTERY_HEALTHY
9.631010755050847,2.54498383101026,16.598488973292795,0.5867473916350734,0.14956776556776497,9V_ZINC_CARBON_BATTERY_HEALTHY
9.639525847384826,3.2823060997213913,19.967347218639258,0.6526593666577403,0.11604395604395634,9V_ZINC_CARBON_BATTERY_HEALTHY
9.634389619543752,2.888554093911462,17.02713788173638,0.6267435994479097,0.12635897435897547,9V_ZINC_CARBON_BATTERY_HEALTHY
9.634133591407535,3.169833192478502,16.56757947259377,0.5743195804263856,0.14183150183150062,9V_ZINC_CARBON_BATTERY_HEALTHY
9.627012060790257,2.6244288052939613,16.8525285380376,0.6040472935858014,0.12120146520146413,9V_ZINC_CARBON_BATTERY_HEALTHY
9.634076880177254,2.7582115421774778,18.103895498545352,0.6633452350013042,0.11604395604395634,9V_ZINC_CARBON_BATTERY_HEALTHY
9.627074030586723,3.88534991068958,16.943802120520626,0.5981947062241432,0.15214652014652152,9V_ZINC_CARBON_BATTERY_HEALTHY
9.63482158710541,2.765639434885736,16.910697967088602,0.5738486240818639,0.12893772893772848,9V_ZINC_CARBON_BATTERY_HEALTHY
9.631460710040434,3.075016140398035,18.143518119703458,0.6345618708132567,0.13667399267399283,9V_ZINC_CARBON_BATTERY_HEALTHY
9.633816710713763,2.6784717132015463,17.11630106087523,0.6154095143356241,0.13409523809523627,9V_ZINC_CARBON_BATTERY_HEALTHY
9.63794371652981,3.483403214329298,20.357258150981643,0.6775991330498186,0.14183150183150417,9V_ZINC_CARBON_BATTERY_HEALTHY
9.627759229171655,2.4021193747772065,19.063138253728077,0.6364859335330603,0.12635897435897547,9V_ZINC_CARBON_BATTERY_HEALTHY
9.632221529252483,3.344944361215993,18.215998569402714,0.6343495679718261,0.13667399267399283,9V_ZINC_CARBON_BATTERY_HEALTHY
9.634352493556207,3.6775735329598214,16.320813172882602,0.5823958525261582,0.17019780219780145,9V_ZINC_CARBON_BATTERY_HEALTHY
9.63788307066754,2.4697138451957765,16.750257372942308,0.5808185795649555,0.13151648351648326,9V_ZINC_CARBON_BATTERY_HEALTHY
9.637704634245052,2.3762758083935096,19.41717573565486,0.6423998728143326,0.13151648351648326,9V_ZINC_CARBON_BATTERY_HEALTHY
9.63460884372866,2.7635685287466267,18.83243490960547,0.6550287112535752,0.13409523809523805,9V_ZINC_CARBON_BATTERY_HEALTHY
9.633839959120959,2.4992229377548583,15.299332080612949,0.5518253387426887,0.12378021978022069,9V_ZINC_CARBON_BATTERY_HEALTHY
9.63346723925304,2.3788707588385374,16.70439455936828,0.6003988903028,0.14956776556776674,9V_ZINC_CARBON_BATTERY_HEALTHY
9.634059979254927,3.177509702032677,19.719777036937586,0.6684226817615736,0.14956776556776674,9V_ZINC_CARBON_BATTERY_HEALTHY
9.630558084332458,2.7167499866790057,17.101341933732925,0.6164066532720074,0.14698901098901196,9V_ZINC_CARBON_BATTERY_HEALTHY
9.636417609648497,2.811936315390098,17.57302156353003,0.6072388100705843,0.1392527472527476,9V_ZINC_CARBON_BATTERY_HEALTHY
9.63054449858252,3.2896840918612007,17.548319323046094,0.6280303480176311,0.14183150183150417,9V_ZINC_CARBON_BATTERY_HEALTHY
9.630193413370229,3.22190815966928,15.220128149723788,0.5791088385378864,0.13925274725274583,9V_ZINC_CARBON_BATTERY_HEALTHY
9.641860993414838,2.3974421775766555,16.79456916142152,0.5995046786630922,0.12120146520146413,9V_ZINC_CARBON_BATTERY_HEALTHY
9.641825675624236,3.1376906661017583,16.14680990138425,0.5736668668883006,0.1779340659340658,9V_ZINC_CARBON_BATTERY_HEALTHY
9.627168320273134,3.1770160289475404,16.833665675515494,0.6117441845673001,0.1598827838827841,9V_ZINC_CARBON_BATTERY_HEALTHY
9.63044963775047,3.199756130979394,16.22384635766839,0.585478211299945,0.17019780219780145,9V_ZINC_CARBON_BATTERY_HEALTHY
9.636589816094434,2.5841177410780136,19.201136435593025,0.6499342521747739,0.11604395604395457,9V_ZINC_CARBON_BATTERY_HEALTHY
9.631183988570642,2.6929563651229915,16.792774183056018,0.5787360934849234,0.11604395604395634,9V_ZINC_CARBON_BATTERY_HEALTHY
9.63104084419185,2.892086985670302,18.756375182867302,0.6454578306802001,0.15214652014651975,9V_ZINC_CARBON_BATTERY_HEALTHY
9.627490624428352,2.622396687698498,16.60620872540171,0.5878392202152589,0.11604395604395634,9V_ZINC_CARBON_BATTERY_HEALTHY
9.629574992769854,2.8910569678901856,16.701788279888554,0.59407303457307,0.1418315018315024,9V_ZINC_CARBON_BATTERY_HEALTHY
9.63093592622416,2.7600275330565442,19.05310537772902,0.6780810995462856,0.13409523809523982,9V_ZINC_CARBON_BATTERY_HEALTHY
9.629025970852199,3.0726346426989077,16.538874834031166,0.5639869178570315,0.10572893772893721,9V_ZINC_CARBON_BATTERY_HEALTHY
9.627495597667048,2.792016776390555,16.509066479753134,0.603227649874235,0.13151648351648326,9V_ZINC_CARBON_BATTERY_HEALTHY
9.631129091435575,2.5919833320462127,17.568578089565317,0.6174217809011042,0.1263589743589737,9V_ZINC_CARBON_BATTERY_HEALTHY
9.629441095619423,2.8532440291338315,18.290036820487053,0.6356393385113173,0.15214652014651975,9V_ZINC_CARBON_BATTERY_HEALTHY
9.624386787816865,3.194863216693001,17.43596343439733,0.6075186691966321,0.11604395604395634,9V_ZINC_CARBON_BATTERY_HEALTHY
9.634836795699162,2.6253869361851714,18.30510945509211,0.6491413452563227,0.11604395604395812,9V_ZINC_CARBON_BATTERY_HEALTHY
9.63277886550742,2.5499806911720015,17.7698808679643,0.6251059637531363,0.13151648351648326,9V_ZINC_CARBON_BATTERY_HEALTHY
9.63585907254635,2.361601604344035,16.41560457508609,0.5127175669150102,0.11862271062271112,9V_ZINC_CARBON_BATTERY_HEALTHY
9.631947349630849,3.127257666545943,17.32347145320058,0.6150331437799477,0.13667399267399283,9V_ZINC_CARBON_BATTERY_HEALTHY
9.627645494710773,4.008722211345592,17.38351152392017,0.6052618319087789,0.15472527472527453,9V_ZINC_CARBON_BATTERY_HEALTHY
9.636737915524131,2.4117304790986305,16.93849318264994,0.6211867344714384,0.10057142857142942,9V_ZINC_CARBON_BATTERY_HEALTHY
9.633149351205095,3.3294255927513627,18.30471882638412,0.620028256079299,0.11346520146520156,9V_ZINC_CARBON_BATTERY_HEALTHY
9.631468496508864,2.7232258983766333,15.83919980703348,0.5912293884927973,0.10572893772893721,9V_ZINC_CARBON_BATTERY_HEALTHY
9.631551749705574,3.151920224080573,17.771986705042973,0.6488500323037389,0.12378021978022069,9V_ZINC_CARBON_BATTERY_HEALTHY
9.635106952160742,3.012279135016867,18.67546909330447,0.6628092516472527,0.11604395604395457,9V_ZINC_CARBON_BATTERY_HEALTHY
9.629261667134863,3.648778905954755,17.989460702941336,0.6436053046520724,0.13151648351648504,9V_ZINC_CARBON_BATTERY_HEALTHY
9.631793792998915,2.6919079418131884,16.637622597738623,0.6044082295173906,0.12120146520146591,9V_ZINC_CARBON_BATTERY_HEALTHY
9.629841578186198,3.3132018037677917,17.190273176027144,0.6072702447481944,0.13667399267399283,9V_ZINC_CARBON_BATTERY_HEALTHY
9.628589490611896,2.5541292152053057,17.0303954158178,0.6097048517258372,0.11604395604395812,9V_ZINC_CARBON_BATTERY_HEALTHY
9.632811063311218,3.1928367939130804,16.4234786903411,0.5973153146477328,0.15214652014652152,9V_ZINC_CARBON_BATTERY_HEALTHY
9.630680602072868,3.0292078478143685,17.35284401757311,0.5998019671909811,0.12893772893773026,9V_ZINC_CARBON_BATTERY_HEALTHY
9.632253980910255,2.681961813950021,17.60362022409848,0.6252650855264605,0.13151648351648326,9V_ZINC_CARBON_BATTERY_HEALTHY
9.627198048419073,3.058411395616446,17.97936959773729,0.6265268383371496,0.10315018315018598,9V_ZINC_CARBON_BATTERY_HEALTHY
9.632581549782273,2.365896634224985,14.971665228354185,0.5584785529372545,0.12893772893772848,9V_ZINC_CARBON_BATTERY_HEALTHY
9.634543452305246,2.4774390437299294,16.961191783658048,0.6120747091540123,0.14441025641025895,9V_ZINC_CARBON_BATTERY_HEALTHY
9.634175637985999,3.328527949589118,18.17711168589201,0.6556291766216635,0.12893772893772848,9V_ZINC_CARBON_BATTERY_HEALTHY
9.62830044623653,3.1812577114917744,18.29051364860742,0.6420684288794745,0.14183150183150417,9V_ZINC_CARBON_BATTERY_HEALTHY
9.632616965324587,2.8818223011861264,16.467201501547198,0.6137914319082548,0.14441025641025718,9V_ZINC_CARBON_BATTERY_HEALTHY
9.632482534000578,3.157895772054927,17.073680156431205,0.6080883538103058,0.1392527472527476,9V_ZINC_CARBON_BATTERY_HEALTHY
9.618430154895764,3.8990194850631,17.61921628541059,0.6270166873321816,0.17277655677655623,9V_ZINC_CARBON_BATTERY_HEALTHY
9.63132701344502,2.665397107947808,16.163457962126635,0.5781418686884867,0.13409523809523805,9V_ZINC_CARBON_BATTERY_HEALTHY
9.62540846805172,2.2137428687548377,16.136678010610535,0.6127005947331385,0.13151648351648149,9V_ZINC_CARBON_BATTERY_HEALTHY
9.627951546400041,2.741855005447762,18.761092864998297,0.6720090201803173,0.1186227106227129,9V_ZINC_CARBON_BATTERY_HEALTHY
9.635339376695958,2.841719190497313,17.36635284385796,0.6339215623463348,0.14441025641025718,9V_ZINC_CARBON_BATTERY_HEALTHY
9.634358657360094,2.700831925996822,16.53625811506839,0.572709634722594,0.12893772893772848,9V_ZINC_CARBON_BATTERY_HEALTHY
9.626038992014422,3.672031168050502,17.68059888594413,0.6285009543761229,0.1392527472527476,9V_ZINC_CARBON_BATTERY_HEALTHY
9.633535338758765,3.8012436929643143,20.231203396726,0.6495182483399823,0.14956776556776497,9V_ZINC_CARBON_BATTERY_HEALTHY
9.63214542397319,2.7564978456738993,17.364159412732352,0.6237176669775235,0.11346520146520156,9V_ZINC_CARBON_BATTERY_HEALTHY
9.633840468196942,2.4273622472110588,18.186744442741773,0.6535039978754144,0.13667399267399283,9V_ZINC_CARBON_BATTERY_HEALTHY
9.630735650220847,2.2479217723160025,17.184282125466094,0.602752892675576,0.12120146520146591,9V_ZINC_CARBON_BATTERY_HEALTHY
9.62562766361709,3.14086956369643,16.430383117518282,0.5863174882792471,0.14956776556776674,9V_ZINC_CARBON_BATTERY_HEALTHY
9.625357852528335,4.246301712808379,18.72482382604808,0.6723795760914,0.16761904761904844,9V_ZINC_CARBON_BATTERY_HEALTHY
9.634638353930672,2.633917183829823,15.356237031738317,0.5527676464574885,0.1263589743589737,9V_ZINC_CARBON_BATTERY_HEALTHY
9.628272468893865,4.1598983372022,18.223613713143653,0.6635060921696687,0.17535531135531102,9V_ZINC_CARBON_BATTERY_HEALTHY
9.636228665179974,4.064802500569602,18.148729076324873,0.6132488885196183,0.15214652014652152,9V_ZINC_CARBON_BATTERY_HEALTHY
9.622670935596707,2.4941456604220313,16.22027714133409,0.5869186668967162,0.11346520146520156,9V_ZINC_CARBON_BATTERY_HEALTHY
9.628774532679147,4.031680427927503,18.410962818892152,0.6315593898127773,0.13151648351648326,9V_ZINC_CARBON_BATTERY_HEALTHY
9.625296514206017,3.5068606726350016,16.938471434042693,0.5736332425314963,0.15472527472527453,9V_ZINC_CARBON_BATTERY_HEALTHY
9.631072186443633,3.3668379550666243,17.772208235421296,0.6181755552776648,0.1263589743589737,9V_ZINC_CARBON_BATTERY_HEALTHY
9.62149375423787,4.1457706645331465,16.008590351081732,0.5928604008555264,0.1779340659340658,9V_ZINC_CARBON_BATTERY_HEALTHY
9.629311687216127,2.903863153688582,15.533227234554207,0.5650457473391439,0.14698901098901196,9V_ZINC_CARBON_BATTERY_HEALTHY
9.628060754974351,2.9598850243712116,18.42102701023481,0.6340589806202841,0.13151648351648504,9V_ZINC_CARBON_BATTERY_HEALTHY
9.62956502426746,2.9537297280911514,17.26990865270548,0.5880885773570317,0.1263589743589737,9V_ZINC_CARBON_BATTERY_HEALTHY
9.629070374010889,3.0458475177834763,16.607578197716784,0.6147495790680316,0.1263589743589737,9V_ZINC_CARBON_BATTERY_HEALTHY
9.63563986472837,2.7971705370888253,16.160216568689474,0.5727941846340778,0.1444102564102554,9V_ZINC_CARBON_BATTERY_HEALTHY
9.627378737966398,3.034992821489835,18.23974378106487,0.6598645070632052,0.12120146520146413,9V_ZINC_CARBON_BATTERY_HEALTHY
9.635865176725682,2.8514445374162527,16.618970873315252,0.5961052468770196,0.1263589743589737,9V_ZINC_CARBON_BATTERY_HEALTHY
9.631510768758098,2.8788694352871707,17.757309301640884,0.5936218500924326,0.16246153846153888,9V_ZINC_CARBON_BATTERY_HEALTHY
9.621033832695591,2.855551054066988,17.37135689412988,0.6321470247047368,0.16246153846153888,9V_ZINC_CARBON_BATTERY_HEALTHY
9.624405864942165,3.582825387215089,15.890930064821543,0.5642883418159007,0.15472527472527453,9V_ZINC_CARBON_BATTERY_HEALTHY
9.641701975262498,3.215298170618847,16.814803183209253,0.6015992209746972,0.13151648351648326,9V_ZINC_CARBON_BATTERY_HEALTHY
9.63119524656156,3.734636070493753,17.51614660666613,0.613734953299701,0.16504029304029189,9V_ZINC_CARBON_BATTERY_HEALTHY
9.634540898482998,2.147130105378573,17.492394127010503,0.6151032854957225,0.1263589743589737,9V_ZINC_CARBON_BATTERY_HEALTHY
9.63178598090272,3.0186963298928546,17.1090782171966,0.631768757445653,0.1392527472527476,9V_ZINC_CARBON_BATTERY_HEALTHY
9.623451594383619,2.662214005815711,16.688552364432525,0.5772264075738655,0.14183150183150062,9V_ZINC_CARBON_BATTERY_HEALTHY
9.624555385179615,3.7820858039627128,17.368810879679426,0.593588384960543,0.14698901098901196,9V_ZINC_CARBON_BATTERY_HEALTHY
9.625258546533425,2.945665367330943,17.158068515375916,0.6274860558325386,0.13667399267399283,9V_ZINC_CARBON_BATTERY_HEALTHY
9.62620318236805,2.488758732393753,17.052558001471564,0.5894179736065092,0.13409523809523805,9V_ZINC_CARBON_BATTERY_HEALTHY
9.627273911330331,3.6690078095013945,18.095734633792553,0.641939526264588,0.1573040293040311,9V_ZINC_CARBON_BATTERY_HEALTHY
9.63337927401843,2.4495725219345115,15.478686628431626,0.5547738305238004,0.1392527472527476,9V_ZINC_CARBON_BATTERY_HEALTHY
9.623321172550803,2.5760941135760786,17.076661300331633,0.5652012988044117,0.14441025641025718,9V_ZINC_CARBON_BATTERY_HEALTHY
9.62894434468098,2.9698664017809095,16.65942602081864,0.6265555223025715,0.1444102564102554,9V_ZINC_CARBON_BATTERY_HEALTHY
9.630729473740754,2.463909040722893,17.684746911267457,0.6210172782614017,0.12378021978022069,9V_ZINC_CARBON_BATTERY_HEALTHY
9.632175735673016,3.46849908908718,16.12792032701156,0.5673227215812362,0.15214652014651975,9V_ZINC_CARBON_BATTERY_HEALTHY
9.6244369247843,3.7790432446608135,15.911881639022004,0.5587282060588517,0.15472527472527453,9V_ZINC_CARBON_BATTERY_HEALTHY
9.625484801042834,2.7837775966477154,18.815513687030048,0.6353926385051978,0.14956776556776674,9V_ZINC_CARBON_BATTERY_HEALTHY
9.630882974841526,3.0167611462248014,16.9676049240469,0.5990327781221059,0.15472527472527453,9V_ZINC_CARBON_BATTERY_HEALTHY
9.630433914698681,3.0645749967915417,17.35208192792111,0.6432750316479798,0.12893772893772848,9V_ZINC_CARBON_BATTERY_HEALTHY
9.622588643911742,3.686937779753476,18.336015122455176,0.6540004723032427,0.18567032967033192,9V_ZINC_CARBON_BATTERY_HEALTHY
9.625371725405312,3.6890455140543295,18.50747928989546,0.6203840992519555,0.14956776556776674,9V_ZINC_CARBON_BATTERY_HEALTHY
9.635414200657147,2.2712741861552255,15.530084781877754,0.5475429038301586,0.10572893772894076,9V_ZINC_CARBON_BATTERY_HEALTHY
9.62426509165753,3.6732020184933525,17.774376771595477,0.6199860257765075,0.17019780219780323,9V_ZINC_CARBON_BATTERY_HEALTHY
9.63148898709433,3.057773162383596,17.830068787147248,0.6049489182111207,0.18051282051282058,9V_ZINC_CARBON_BATTERY_HEALTHY
9.616526938817719,6.013783411244429,18.166099746529635,0.6178462911623916,0.18051282051282236,9V_ZINC_CARBON_BATTERY_HEALTHY
9.62873158367746,3.0813043699886555,15.72167363569761,0.5594481659590425,0.16246153846153888,9V_ZINC_CARBON_BATTERY_HEALTHY
9.62995341013776,2.6135943066962315,18.206613137634577,0.6403098502800488,0.13151648351648326,9V_ZINC_CARBON_BATTERY_HEALTHY
9.6239692390798,3.3457153632733485,19.675724563092217,0.6571239183979292,0.14183150183150062,9V_ZINC_CARBON_BATTERY_HEALTHY
9.633638173087476,3.9856644109775288,17.285426493044625,0.6091378672131955,0.1830915750915736,9V_ZINC_CARBON_BATTERY_HEALTHY
9.630677532804391,3.4226918857111865,18.4641420349626,0.6341820902772155,0.17793406593406758,9V_ZINC_CARBON_BATTERY_HEALTHY
9.636694936457333,3.2376606600992988,15.783749272954896,0.5850616114767535,0.16246153846153888,9V_ZINC_CARBON_BATTERY_HEALTHY
9.628844329793855,3.185050890684343,17.41417204777939,0.6242721437302177,0.15472527472527453,9V_ZINC_CARBON_BATTERY_HEALTHY
9.634471151265036,3.4348374888033977,18.200110924950312,0.6661316856590943,0.13151648351648149,9V_ZINC_CARBON_BATTERY_HEALTHY
9.634902675171132,4.224895924826475,17.561590088723108,0.6268913510417706,0.19340659340659272,9V_ZINC_CARBON_BATTERY_HEALTHY
9.628610415525582,2.6564887226094513,18.147095646610722,0.6439831295206317,0.13667399267399283,9V_ZINC_CARBON_BATTERY_HEALTHY
9.639885138101691,3.4478489185044645,16.555697970894855,0.6126359859199716,0.16504029304029366,9V_ZINC_CARBON_BATTERY_HEALTHY
9.628468902550907,2.905695524494137,17.61409433373095,0.6542274548315986,0.14698901098901196,9V_ZINC_CARBON_BATTERY_HEALTHY
9.631905679955398,2.8711774770778162,17.562674977482942,0.6014762676292971,0.1444102564102554,9V_ZINC_CARBON_BATTERY_HEALTHY
9.625264584892243,3.2724073335107975,17.360587458243675,0.5953461907497191,0.16504029304029366,9V_ZINC_CARBON_BATTERY_HEALTHY
9.628403889005337,3.889555564750392,17.614485619334005,0.6335522822342075,0.1624615384615371,9V_ZINC_CARBON_BATTERY_HEALTHY
9.63335101286776,2.294329840026867,17.646298274028908,0.6368252040013261,0.12120146520146591,9V_ZINC_CARBON_BATTERY_HEALTHY
9.629365165184188,2.7917058943468427,17.69449261555944,0.6257337116839169,0.13409523809523982,9V_ZINC_CARBON_BATTERY_HEALTHY
9.619026588578457,3.499031090922051,16.967163935880865,0.6027023755608681,0.14698901098901196,9V_ZINC_CARBON_BATTERY_HEALTHY
9.63147872368295,2.4178814441446637,17.165559262625756,0.6026083012939044,0.13151648351648326,9V_ZINC_CARBON_BATTERY_HEALTHY
9.632136547228553,2.633407466157836,18.316345558402872,0.6145313802058894,0.12635897435897547,9V_ZINC_CARBON_BATTERY_HEALTHY
9.62792857213992,3.215807249938764,15.996935273644798,0.5968031889042112,0.1547252747252763,9V_ZINC_CARBON_BATTERY_HEALTHY
9.621120321078056,3.7629958553120915,17.281808432619847,0.5878310677286873,0.14183150183150417,9V_ZINC_CARBON_BATTERY_HEALTHY
9.632469284068808,2.6800762147985626,17.82633269287136,0.6263439358547005,0.13409523809523805,9V_ZINC_CARBON_BATTERY_HEALTHY
9.630404362266065,3.3207232254434995,19.71458928523946,0.664711382915911,0.1573040293040293,9V_ZINC_CARBON_BATTERY_HEALTHY
9.627921495953156,2.8386687547546883,17.430950415987567,0.6364567817035441,0.14441025641025895,9V_ZINC_CARBON_BATTERY_HEALTHY
9.629760209258242,2.7359598515891013,17.810383251667673,0.6243556095365285,0.1263589743589737,9V_ZINC_CARBON_BATTERY_HEALTHY
9.62818939109172,3.38792968442969,17.015101917692647,0.6130818424293012,0.1573040293040293,9V_ZINC_CARBON_BATTERY_HEALTHY
9.629083697681024,3.539367968780233,18.904611850631312,0.6462257601412515,0.15214652014652152,9V_ZINC_CARBON_BATTERY_HEALTHY
9.631960286145313,3.1127429493309693,16.772507045519085,0.6221657644334178,0.13409523809523805,9V_ZINC_CARBON_BATTERY_HEALTHY
9.623478806621316,3.573132567163285,18.15113446570508,0.635628870469878,0.13667399267399283,9V_ZINC_CARBON_BATTERY_HEALTHY
9.629589627838584,3.1251553118053184,18.80376457449789,0.6202612369356295,0.1444102564102554,9V_ZINC_CARBON_BATTERY_HEALTHY
9.624476331134597,2.706047587274961,16.516396034293358,0.5634133004583143,0.12120146520146591,9V_ZINC_CARBON_BATTERY_HEALTHY
9.623828341939983,3.341127699018827,16.585339071080927,0.6208217715419001,0.12893772893772848,9V_ZINC_CARBON_BATTERY_HEALTHY
9.625905714067102,2.596374806277976,18.019884626903945,0.620994019591433,0.11862271062270935,9V_ZINC_CARBON_BATTERY_HEALTHY
9.623791738369398,3.58166202039074,17.720121980125572,0.6455237335710597,0.1598827838827841,9V_ZINC_CARBON_BATTERY_HEALTHY
9.629227337311168,4.181819387525127,17.224778894406096,0.6121916555701558,0.18051282051282236,9V_ZINC_CARBON_BATTERY_HEALTHY
9.62127188295679,4.006286220397328,17.94921490430801,0.6346091325985173,0.1418315018315024,9V_ZINC_CARBON_BATTERY_HEALTHY
9.622815774923813,3.271128015674544,17.703642177878464,0.6161839067682173,0.15214652014652152,9V_ZINC_CARBON_BATTERY_HEALTHY
9.627284975305157,3.7064293972540856,18.41594787167114,0.6597822732025697,0.16246153846153888,9V_ZINC_CARBON_BATTERY_HEALTHY
9.62571597775949,2.699728805337566,18.20281863462236,0.6124214061729858,0.11862271062271112,9V_ZINC_CARBON_BATTERY_HEALTHY
9.620703644931002,2.770228631717199,16.5037173813443,0.597132090259404,0.14698901098901196,9V_ZINC_CARBON_BATTERY_HEALTHY
9.627760170261945,3.997224266504519,17.272988292781996,0.5813554406580284,0.1598827838827841,9V_ZINC_CARBON_BATTERY_HEALTHY
9.624402137270708,2.9614386418783765,18.154408434057196,0.6129948188375408,0.14698901098901196,9V_ZINC_CARBON_BATTERY_HEALTHY
9.622527230922806,2.679826878108991,17.065534103465044,0.6246803109744758,0.12120146520146591,9V_ZINC_CARBON_BATTERY_HEALTHY
9.621909240257041,2.64300480000524,17.402712642347343,0.6121537826166222,0.11604395604395634,9V_ZINC_CARBON_BATTERY_HEALTHY
9.619817487158072,3.1773566633368664,18.360922492945225,0.6626254494118479,0.15214652014652152,9V_ZINC_CARBON_BATTERY_HEALTHY
9.64208360993931,2.5352378847707033,16.287500172000357,0.5646973463438465,0.15214652014651975,9V_ZINC_CARBON_BATTERY_HEALTHY
9.630706014128224,2.946556133321628,17.42409786160936,0.6135191474462512,0.12893772893772848,9V_ZINC_CARBON_BATTERY_HEALTHY
9.619776535719172,3.1553836799487507,15.87164054955155,0.5799088569409476,0.15472527472527453,9V_ZINC_CARBON_BATTERY_HEALTHY
9.622615931152973,2.926343730832649,16.53210800877646,0.5966004031161146,0.14698901098901018,9V_ZINC_CARBON_BATTERY_HEALTHY
9.627826868291118,2.6680373698182724,19.282624373048375,0.668607173879719,0.12635897435897547,9V_ZINC_CARBON_BATTERY_HEALTHY
9.6202328779453,3.196929197178327,16.669383080797104,0.5983173595694287,0.15214652014651975,9V_ZINC_CARBON_BATTERY_HEALTHY
9.63150873023535,3.523097481320086,17.048066784075377,0.6126276159662692,0.1263589743589737,9V_ZINC_CARBON_BATTERY_HEALTHY
9.625792774635537,3.0739159943653744,16.741259144228508,0.5960817156222162,0.14698901098901196,9V_ZINC_CARBON_BATTERY_HEALTHY
9.635785749628742,3.0372140600363977,17.241061409955314,0.6180006554263674,0.1392527472527476,9V_ZINC_CARBON_BATTERY_HEALTHY
9.629150692136896,3.718023939968323,17.65247535174567,0.6418546991043257,0.1392527472527476,9V_ZINC_CARBON_BATTERY_HEALTHY
9.625383399540151,2.5737900000899376,16.179856584523883,0.6087565879090542,0.15214652014651975,9V_ZINC_CARBON_BATTERY_HEALTHY
9.62459278214943,2.5260788812234254,16.390088631780703,0.575774118119121,0.13151648351648326,9V_ZINC_CARBON_BATTERY_HEALTHY
9.619601251014062,4.116930364621039,19.328990096329374,0.6689841571635252,0.20114285714285707,9V_ZINC_CARBON_BATTERY_HEALTHY
9.631718790745268,2.499966717019061,17.95757917872626,0.6406096099217875,0.12893772893773026,9V_ZINC_CARBON_BATTERY_HEALTHY
9.628828039529228,3.740981892426648,17.549743915657977,0.6412592255249232,0.20630036630036663,9V_ZINC_CARBON_BATTERY_HEALTHY
9.627408760751235,3.1914050433147274,17.011999352702535,0.6052925651970199,0.1573040293040293,9V_ZINC_CARBON_BATTERY_HEALTHY
9.638977469867443,2.848595278120802,18.528732503971405,0.6283781713782732,0.12120146520146413,9V_ZINC_CARBON_BATTERY_HEALTHY
9.62985265992772,2.5589853392720316,17.941552103502463,0.6488345023080626,0.12893772893772848,9V_ZINC_CARBON_BATTERY_HEALTHY
9.616365847258614,2.9236039327609777,15.075127765846354,0.5639360658035791,0.18051282051282058,9V_ZINC_CARBON_BATTERY_HEALTHY
9.625320280628522,2.6418324605029033,18.49485578733254,0.6608059233754934,0.13667399267399283,9V_ZINC_CARBON_BATTERY_HEALTHY
9.626767586613445,2.8461248869001503,16.478223211374466,0.5768725638903904,0.1573040293040293,9V_ZINC_CARBON_BATTERY_HEALTHY
9.62854834856632,2.961232555256831,16.96140107493832,0.6103110948234995,0.12893772893772848,9V_ZINC_CARBON_BATTERY_HEALTHY
9.62618388946883,2.5356893347916247,17.454311750225926,0.6281807020072538,0.12378021978021891,9V_ZINC_CARBON_BATTERY_HEALTHY
9.62074487754858,2.874148810731843,18.30282049658516,0.645672642419842,0.12378021978022247,9V_ZINC_CARBON_BATTERY_HEALTHY
9.626520703980438,2.932860755981729,18.06196425515301,0.6482601842152235,0.14956776556776497,9V_ZINC_CARBON_BATTERY_HEALTHY
9.62937621121787,3.57443138813814,17.62721381875975,0.6159376421693433,0.16504029304029366,9V_ZINC_CARBON_BATTERY_HEALTHY
9.623453708897484,2.627577961505903,17.271943079461398,0.5995870426573658,0.13667399267399283,9V_ZINC_CARBON_BATTERY_HEALTHY
9.618188677575807,5.3528800031790995,16.5736669998033,0.6125084698223854,0.14956776556776674,9V_ZINC_CARBON_BATTERY_HEALTHY
9.62763516331073,2.8383987087090077,16.832211051962382,0.5941713580882028,0.1263589743589737,9V_ZINC_CARBON_BATTERY_HEALTHY
9.622830605131591,4.008833928901957,16.931219226149796,0.621375305996942,0.13151648351648504,9V_ZINC_CARBON_BATTERY_HEALTHY
9.619450317824843,3.490703504442122,17.076010043311676,0.6342432441688841,0.1573040293040311,9V_ZINC_CARBON_BATTERY_HEALTHY
9.628211233747477,2.7326346300871287,18.431195283980877,0.610079945008967,0.13667399267399283,9V_ZINC_CARBON_BATTERY_HEALTHY
9.620403340136374,3.205112864050799,16.175573181259413,0.5883341102220837,0.1598827838827841,9V_ZINC_CARBON_BATTERY_HEALTHY
9.627022076835662,2.278212693046898,17.99002901584309,0.6584805404502512,0.12120146520146591,9V_ZINC_CARBON_BATTERY_HEALTHY
9.62613477538616,2.5118131986933276,18.39940557881512,0.6321552732894448,0.13151648351648504,9V_ZINC_CARBON_BATTERY_HEALTHY
9.623067966545557,4.1323663353431535,16.92236706815953,0.611618654029014,0.17019780219780323,9V_ZINC_CARBON_BATTERY_HEALTHY
9.626913545520773,2.950555380119115,17.568274787558824,0.5963154253434251,0.15988278388278587,9V_ZINC_CARBON_BATTERY_HEALTHY
9.620131975817506,3.4164448103668215,16.24205342722745,0.5860280604046678,0.16504029304029366,9V_ZINC_CARBON_BATTERY_HEALTHY
9.628370768239757,2.734122362254081,19.171402270141968,0.6083900505576486,0.12893772893772848,9V_ZINC_CARBON_BATTERY_HEALTHY
9.626325491299529,2.2476150062037674,18.024366417813713,0.5492854287496093,0.11604395604395634,9V_ZINC_CARBON_BATTERY_HEALTHY
9.622489943410153,3.5288953152052254,16.938771740441208,0.6140291255050702,0.16504029304029366,9V_ZINC_CARBON_BATTERY_HEALTHY
9.633048700002067,2.398591700049631,18.880546788565926,0.6626218852883583,0.11346520146519978,9V_ZINC_CARBON_BATTERY_HEALTHY
9.622965221392857,2.6910547451592515,15.118839130796646,0.5739445460106537,0.12378021978021891,9V_ZINC_CARBON_BATTERY_HEALTHY
9.619428170111828,3.008821562565285,18.188621440207143,0.658907191677133,0.12378021978021891,9V_ZINC_CARBON_BATTERY_HEALTHY
9.622295742621926,3.4535058755305985,17.79610805253014,0.538649181804485,0.14441025641025718,9V_ZINC_CARBON_BATTERY_HEALTHY
9.620689369601534,3.7943494700088456,17.709165923371064,0.6561162006632427,0.19598534798534928,9V_ZINC_CARBON_BATTERY_HEALTHY
9.621026931147679,2.3901714413685013,18.01952940350414,0.6073956421725162,0.12893772893772848,9V_ZINC_CARBON_BATTERY_HEALTHY
9.629905839679523,2.807808619914943,15.348336231390176,0.5502896122185148,0.13409523809523627,9V_ZINC_CARBON_BATTERY_HEALTHY
9.622914015986273,2.660811762113614,19.184468416505617,0.6473660512363099,0.13667399267399283,9V_ZINC_CARBON_BATTERY_HEALTHY
9.631533359911018,3.4567194566481056,17.62294222758639,0.6162033514754163,0.1598827838827841,9V_ZINC_CARBON_BATTERY_HEALTHY
9.616984519141415,2.7381650035372824,16.35015797806219,0.6238851864067572,0.1392527472527494,9V_ZINC_CARBON_BATTERY_HEALTHY
9.627118841659051,3.8979207777959126,17.31321247567033,0.6135381467228277,0.16246153846153888,9V_ZINC_CARBON_BATTERY_HEALTHY
9.624048212645768,2.5304286363766275,17.509291616921008,0.6130847587641755,0.14698901098901196,9V_ZINC_CARBON_BATTERY_HEALTHY
9.623209636684503,3.2506438064583447,18.202336093636582,0.6266454954852978,0.13667399267399283,9V_ZINC_CARBON_BATTERY_HEALTHY
9.63586030269925,6.392899231352738,16.319877256596907,0.6026098423858505,0.216615384615384,9V_ZINC_CARBON_BATTERY_HEALTHY
9.629162767422327,4.899802216942849,17.23258946810486,0.6481623142796805,0.18309157509157536,9V_ZINC_CARBON_BATTERY_HEALTHY
9.628003881922524,3.2425204273821584,17.080351314014134,0.6156376282092303,0.1598827838827841,9V_ZINC_CARBON_BATTERY_HEALTHY
9.613139469843162,2.4947125426600327,16.871264501637626,0.6141447685539289,0.14441025641025895,9V_ZINC_CARBON_BATTERY_HEALTHY
9.623641516990842,3.219310343135202,18.038951566952974,0.6237863627823136,0.12378021978022069,9V_ZINC_CARBON_BATTERY_HEALTHY
9.621773664090341,4.933937453895121,18.84611426481975,0.6429049913844342,0.15214652014652152,9V_ZINC_CARBON_BATTERY_HEALTHY
9.623306096056472,4.2373862955269965,17.106468622227883,0.5949186893690144,0.15214652014651975,9V_ZINC_CARBON_BATTERY_HEALTHY
9.61985864580537,3.569388007760844,16.869896924018388,0.6121808591032711,0.1263589743589737,9V_ZINC_CARBON_BATTERY_HEALTHY
9.627111179462268,2.999470093370269,17.696740948229774,0.6063329422684165,0.1392527472527476,9V_ZINC_CARBON_BATTERY_HEALTHY
9.62566080245711,3.2092128856316835,17.397308822720248,0.6168293476584307,0.14698901098901196,9V_ZINC_CARBON_BATTERY_HEALTHY
9.626742813496246,2.448311715988169,16.870829961032523,0.6142045684768198,0.11088644688644855,9V_ZINC_CARBON_BATTERY_HEALTHY
9.622760253007513,3.832259355075002,16.318976370304,0.5961268000129102,0.1779340659340658,9V_ZINC_CARBON_BATTERY_HEALTHY
9.625482586798737,3.1331245964771806,16.98473734480043,0.5938335458076399,0.14956776556776674,9V_ZINC_CARBON_BATTERY_HEALTHY
9.619909983263328,3.875217090327188,18.569881827926807,0.6261404855332058,0.14956776556776674,9V_ZINC_CARBON_BATTERY_HEALTHY
9.62446543148518,4.01883620245376,18.12731729142391,0.66104342601956,0.14956776556776674,9V_ZINC_CARBON_BATTERY_HEALTHY
9.620284033682465,3.561510408774156,17.60691621040031,0.6246494631152774,0.11346520146520156,9V_ZINC_CARBON_BATTERY_HEALTHY
9.626495643546255,3.7846163132166852,20.25099953993887,0.6875861890002468,0.15472527472527453,9V_ZINC_CARBON_BATTERY_HEALTHY
9.619348320399633,2.649432208921122,16.14463027951227,0.5956200768887894,0.10572893772893899,9V_ZINC_CARBON_BATTERY_HEALTHY
9.628124641571443,4.247709548835248,17.811075162296643,0.647745310968411,0.1805128205128188,9V_ZINC_CARBON_BATTERY_HEALTHY
9.62040286491118,3.637699219063236,16.815893899847886,0.5903065575310531,0.15214652014652152,9V_ZINC_CARBON_BATTERY_HEALTHY
9.622259005367141,2.9236181730332387,16.6220570101397,0.6129487114048527,0.13667399267399283,9V_ZINC_CARBON_BATTERY_HEALTHY
9.61741651995947,4.713869188507912,19.202674002474513,0.6481628098432369,0.13409523809523805,9V_ZINC_CARBON_BATTERY_HEALTHY
9.624913823543308,5.253754558703881,18.559086253135554,0.6244579520915476,0.18309157509157536,9V_ZINC_CARBON_BATTERY_HEALTHY
9.61981535110657,3.1673255810201026,17.670092969374917,0.6045229709464611,0.14956776556776674,9V_ZINC_CARBON_BATTERY_HEALTHY
9.620368214882934,3.3273232672256325,16.16474703008376,0.5818158826409913,0.14698901098901196,9V_ZINC_CARBON_BATTERY_HEALTHY
9.618403958531227,2.879508659939485,17.13118122396815,0.6224313799245913,0.13667399267399283,9V_ZINC_CARBON_BATTERY_HEALTHY
9.630679126131174,2.8170444367346037,19.31533953212573,0.6582616710972429,0.13151648351648504,9V_ZINC_CARBON_BATTERY_HEALTHY
9.626791423662823,3.1166866252957255,18.321961616681293,0.6409862382532641,0.12893772893772848,9V_ZINC_CARBON_BATTERY_HEALTHY
9.621106766928358,2.907635055533693,17.25592937516116,0.5990305563635451,0.14956776556776674,9V_ZINC_CARBON_BATTERY_HEALTHY
9.61766792836696,4.147700202882143,18.389749357655536,0.6298050180597445,0.12893772893773026,9V_ZINC_CARBON_BATTERY_HEALTHY
9.62454026225287,2.9351227662233192,17.659979472672717,0.6144324767342614,0.12378021978022069,9V_ZINC_CARBON_BATTERY_HEALTHY
9.628211207847125,2.9814635375107637,17.988889024016746,0.6449192573104494,0.1418315018315024,9V_ZINC_CARBON_BATTERY_HEALTHY
9.62211762532162,3.2487530529532695,17.3495708226076,0.6301944136929302,0.17277655677655623,9V_ZINC_CARBON_BATTERY_HEALTHY
9.624594773771506,3.8839890408462225,16.71592501381441,0.6051810124685931,0.18051282051282058,9V_ZINC_CARBON_BATTERY_HEALTHY
9.620531008966594,2.7571029800414544,17.78242488520111,0.6114892534665105,0.13409523809523805,9V_ZINC_CARBON_BATTERY_HEALTHY
9.627993193474092,2.9391577421358477,18.901179058427857,0.638888088123961,0.12893772893772848,9V_ZINC_CARBON_BATTERY_HEALTHY
9.630921729930938,2.614538780850894,16.629923141059503,0.5708420876625677,0.13151648351648326,9V_ZINC_CARBON_BATTERY_HEALTHY
9.62912729428594,3.999397930544662,18.572436139205333,0.646440914438724,0.16761904761904667,9V_ZINC_CARBON_BATTERY_HEALTHY
9.624765267530393,3.400954420519583,20.393966258064463,0.6706737635813351,0.1263589743589737,9V_ZINC_CARBON_BATTERY_HEALTHY
9.626365069529038,3.430575360159766,16.505614443525864,0.5980648181291666,0.16761904761904667,9V_ZINC_CARBON_BATTERY_HEALTHY
9.616983290031436,3.2537599004226827,16.998703625216166,0.6187563535826026,0.1805128205128188,9V_ZINC_CARBON_BATTERY_HEALTHY
9.623886348700804,3.6408592004171174,17.205310980183945,0.5822792069094248,0.1598827838827841,9V_ZINC_CARBON_BATTERY_HEALTHY
9.629734319942296,2.743959417070757,17.74068644553258,0.5822209750585788,0.12378021978022069,9V_ZINC_CARBON_BATTERY_HEALTHY
9.626683473461473,3.283985178461928,17.286800896943458,0.5961567020298697,0.1392527472527476,9V_ZINC_CARBON_BATTERY_HEALTHY
9.627244159242558,3.4862049123907206,16.5116359309321,0.5990478842531805,0.15214652014651975,9V_ZINC_CARBON_BATTERY_HEALTHY
9.624549097637859,3.939149643845001,15.446917528792037,0.5621250548045317,0.12893772893772848,9V_ZINC_CARBON_BATTERY_HEALTHY
9.616110380016535,3.00178051123131,17.349747828245068,0.6238350482930684,0.13151648351648504,9V_ZINC_CARBON_BATTERY_HEALTHY
9.626106389342405,9.31799399766122,21.3500902463312,0.7232435757245348,0.24240293040293004,9V_ZINC_CARBON_BATTERY_HEALTHY
9.623320365776694,3.089445579515865,16.982657493401188,0.6327750993107554,0.12120146520146413,9V_ZINC_CARBON_BATTERY_HEALTHY
9.629063630158385,3.2567261430736303,19.2625855729129,0.6295954813953083,0.12120146520146591,9V_ZINC_CARBON_BATTERY_HEALTHY
9.630921286296438,2.747898910052082,16.570364406169233,0.6198536460426189,0.13667399267399283,9V_ZINC_CARBON_BATTERY_HEALTHY
9.627229505066513,3.013565271554414,17.38648017157222,0.5808469444786575,0.16246153846153888,9V_ZINC_CARBON_BATTERY_HEALTHY
9.631466275009867,2.3736032692795948,16.366969156569233,0.5988544028874513,0.11862271062270935,9V_ZINC_CARBON_BATTERY_HEALTHY
9.62422598155601,3.911624312775192,16.281347406695797,0.613058597243613,0.16761904761904667,9V_ZINC_CARBON_BATTERY_HEALTHY
9.623212575310616,3.2589870285192544,18.042294436866666,0.6301850977311264,0.108307692307692,9V_ZINC_CARBON_BATTERY_HEALTHY
9.622008986852942,3.5118986594572186,16.63404561007882,0.6166537660861207,0.13409523809523982,9V_ZINC_CARBON_BATTERY_HEALTHY
9.624761082261216,3.7247632997379476,17.477651152926132,0.6177748476242277,0.16246153846153888,9V_ZINC_CARBON_BATTERY_HEALTHY
9.624772615497543,3.1026897588689595,17.2476190806195,0.5551469802741209,0.13409523809523805,9V_ZINC_CARBON_BATTERY_HEALTHY
9.627958624291454,2.9954817981435844,17.548384659082767,0.6220248748150417,0.110886446886445,9V_ZINC_CARBON_BATTERY_HEALTHY
9.624222632116757,3.100404233116044,17.428716122821733,0.6212076655999883,0.11862271062271112,9V_ZINC_CARBON_BATTERY_HEALTHY
9.627728190408208,2.6777787864368903,16.765770496891164,0.605918724488594,0.12893772893772848,9V_ZINC_CARBON_BATTERY_HEALTHY
9.623992932772339,3.526238619025907,16.577403932111597,0.6047975165326795,0.13667399267399283,9V_ZINC_CARBON_BATTERY_HEALTHY
9.622085322623438,3.483479633542485,16.200601997842288,0.5818722553076863,0.16504029304029366,9V_ZINC_CARBON_BATTERY_HEALTHY
9.619233698385568,2.951539229581493,16.913377137242694,0.5980859647780647,0.11346520146520334,9V_ZINC_CARBON_BATTERY_HEALTHY
9.624893980510167,3.2109279062231564,17.452246095276355,0.6358015856731895,0.15472527472527453,9V_ZINC_CARBON_BATTERY_HEALTHY
9.61720708572277,3.3439426921682363,18.68258458084192,0.6427197771764722,0.14441025641025718,9V_ZINC_CARBON_BATTERY_HEALTHY
9.62221150226295,3.5916776949130216,17.82993654556604,0.6009128121771178,0.14956776556776674,9V_ZINC_CARBON_BATTERY_HEALTHY
9.621209955274493,3.7229844208931167,18.578916363222394,0.6233135303017096,0.14698901098901196,9V_ZINC_CARBON_BATTERY_HEALTHY
9.630594349732208,2.918064361190676,17.397803392378503,0.631473711079826,0.14183150183150062,9V_ZINC_CARBON_BATTERY_HEALTHY
9.623959135211983,3.133427757022882,18.03295793796853,0.6440849968221252,0.1418315018315024,9V_ZINC_CARBON_BATTERY_HEALTHY
9.61826840036568,3.4431558396004425,17.765099419803533,0.5936544463364214,0.16246153846153888,9V_ZINC_CARBON_BATTERY_HEALTHY
9.622850689107901,3.854931652570814,16.477750735963415,0.6014631264109739,0.14441025641025718,9V_ZINC_CARBON_BATTERY_HEALTHY
9.619118273064085,3.1392758911652803,19.047896761704784,0.5717297672999371,0.12893772893772848,9V_ZINC_CARBON_BATTERY_HEALTHY
9.62173308382629,3.908047933116986,17.821583081848924,0.6390223709953647,0.16504029304029366,9V_ZINC_CARBON_BATTERY_HEALTHY
9.626277978902726,3.394464034664003,17.593094093736518,0.6327880715508228,0.1392527472527476,9V_ZINC_CARBON_BATTERY_HEALTHY
9.622620552733906,3.0253575318327544,17.053433148433953,0.6365441122947835,0.14441025641025895,9V_ZINC_CARBON_BATTERY_HEALTHY
9.627683307920282,2.2581070498140425,17.606205178115868,0.6251343166405557,0.1186227106227129,9V_ZINC_CARBON_BATTERY_HEALTHY
9.628390436621796,3.632516093713089,19.687096405137265,0.6539776345066171,0.1830915750915736,9V_ZINC_CARBON_BATTERY_HEALTHY
9.6232578949964,2.8150077733004863,19.97600522101736,0.646361699893146,0.12378021978021891,9V_ZINC_CARBON_BATTERY_HEALTHY
9.631854285611501,3.4179287416603112,18.419774566346224,0.6372936149096939,0.16761904761904844,9V_ZINC_CARBON_BATTERY_HEALTHY
9.626775960586151,3.6536082518109425,17.192904602396595,0.6264856144085711,0.14698901098901196,9V_ZINC_CARBON_BATTERY_HEALTHY
9.622870510439723,2.677804869449558,16.301394744416466,0.5558593707929637,0.1263589743589737,9V_ZINC_CARBON_BATTERY_HEALTHY
9.62072178239689,3.0682000392430675,17.52491835002617,0.6196635782284009,0.1598827838827841,9V_ZINC_CARBON_BATTERY_HEALTHY
9.62269311558278,3.4484935864383477,16.763933973206406,0.6191419656430153,0.18567032967033015,9V_ZINC_CARBON_BATTERY_HEALTHY
9.618289090191007,3.6029213757924343,17.802911767355834,0.6418043838246598,0.18309157509157536,9V_ZINC_CARBON_BATTERY_HEALTHY
9.625528027061707,3.4053788449011044,18.817731936135623,0.6356792487472028,0.15214652014651975,9V_ZINC_CARBON_BATTERY_HEALTHY
9.622254233297511,2.971073522786494,18.748112867751306,0.6366791202197116,0.11346520146520156,9V_ZINC_CARBON_BATTERY_HEALTHY
9.62329590684136,3.4779821428330613,17.00372289997204,0.612956172970359,0.1908278388278397,9V_ZINC_CARBON_BATTERY_HEALTHY
9.621265280512702,3.7134918405945796,17.276070000046342,0.5790311154995226,0.16504029304029366,9V_ZINC_CARBON_BATTERY_HEALTHY
9.625002684869754,2.136664161524712,17.651773590443675,0.6326817869125992,0.12120146520146591,9V_ZINC_CARBON_BATTERY_HEALTHY
9.62348930487198,4.976457304920024,18.32039717857173,0.5930071536663875,0.16504029304029366,9V_ZINC_CARBON_BATTERY_HEALTHY
9.62509556986712,3.365009370277558,16.972447715170922,0.6024471742523597,0.1444102564102554,9V_ZINC_CARBON_BATTERY_HEALTHY
9.617062391841113,2.8612728586622307,16.813739276661632,0.6223047986204437,0.1418315018315024,9V_ZINC_CARBON_BATTERY_HEALTHY
9.618599993965471,4.526324491734147,15.932243387553536,0.5797416549361665,0.13151648351648149,9V_ZINC_CARBON_BATTERY_HEALTHY
9.623000850271547,3.2513073247556896,18.045936191569016,0.6054341686744749,0.16504029304029366,9V_ZINC_CARBON_BATTERY_HEALTHY
9.623320015080434,4.239463319517697,17.407294012731843,0.5949800527431205,0.16246153846153888,9V_ZINC_CARBON_BATTERY_HEALTHY
9.623902982458032,4.007524661537531,17.937702228867877,0.6659379237034369,0.1598827838827841,9V_ZINC_CARBON_BATTERY_HEALTHY
9.622577227269176,3.301667854133166,18.325080643317346,0.6240598726085955,0.12378021978021891,9V_ZINC_CARBON_BATTERY_HEALTHY
9.621098140922076,3.4176322639204457,18.18744783146993,0.6603336875374741,0.12120146520146413,9V_ZINC_CARBON_BATTERY_HEALTHY
9.626228547523683,2.645111264254154,17.523156552534076,0.626309720396236,0.11346520146520156,9V_ZINC_CARBON_BATTERY_HEALTHY
9.630461894393589,3.512782701256817,18.514700715491877,0.6639336076381099,0.1753553113553128,9V_ZINC_CARBON_BATTERY_HEALTHY
9.638860331973447,2.841144810227385,17.403482630020523,0.6047124167224911,0.12378021978022069,9V_ZINC_CARBON_BATTERY_HEALTHY
9.618862256711028,4.431130834007618,18.413230100840124,0.6445694184824818,0.16504029304029366,9V_ZINC_CARBON_BATTERY_HEALTHY
9.62459637501463,3.584156179480819,16.473670732517565,0.592223761456945,0.1959853479853475,9V_ZINC_CARBON_BATTERY_HEALTHY
9.625913444580425,3.4784981031483952,19.455002243253237,0.655781793587481,0.16504029304029366,9V_ZINC_CARBON_BATTERY_HEALTHY
9.62054547807444,4.250953710338898,17.475802524338533,0.6170575870960219,0.19082783882783794,9V_ZINC_CARBON_BATTERY_HEALTHY
9.623942885047049,3.519953763555008,17.10055575462999,0.6076088745556854,0.11346520146520156,9V_ZINC_CARBON_BATTERY_HEALTHY
9.625725090134226,3.0102361153006787,18.827801039780276,0.6169021275492778,0.14183150183150417,9V_ZINC_CARBON_BATTERY_HEALTHY
9.622379208217389,3.467117537644706,17.138719758967056,0.614809421599288,0.13151648351648504,9V_ZINC_CARBON_BATTERY_HEALTHY
9.618083012705005,3.6006929924739532,18.839589938698904,0.6522643916583805,0.14183150183150062,9V_ZINC_CARBON_BATTERY_HEALTHY
9.615922637487232,2.7760697638066434,18.464675111889992,0.6320609446238614,0.1779340659340658,9V_ZINC_CARBON_BATTERY_HEALTHY
9.615994310366151,3.722459675197007,15.812802689250155,0.5765574432812482,0.17019780219780145,9V_ZINC_CARBON_BATTERY_HEALTHY
9.623738010038887,3.2112725626004197,14.969590523550826,0.5650434119837973,0.1753553113553128,9V_ZINC_CARBON_BATTERY_HEALTHY
9.617204242066942,4.469081144663702,17.745363829778242,0.6204526083553841,0.20630036630036663,9V_ZINC_CARBON_BATTERY_HEALTHY
9.61960265779779,3.3240647038265334,17.147157007238494,0.6274763584653826,0.16246153846153888,9V_ZINC_CARBON_BATTERY_HEALTHY
9.625968454360894,3.7269663761664185,16.021094606114133,0.5977554452817397,0.170197802197805,9V_ZINC_CARBON_BATTERY_HEALTHY
9.624108394638759,2.6461494017674956,18.477803001520083,0.6330896944216702,0.15214652014652152,9V_ZINC_CARBON_BATTERY_HEALTHY
9.622694247213351,2.890559322087189,17.675625059261804,0.6143684747187096,0.1573040293040293,9V_ZINC_CARBON_BATTERY_HEALTHY
9.62054426670007,3.550159573547151,17.853643822166124,0.6351503003173556,0.1779340659340658,9V_ZINC_CARBON_BATTERY_HEALTHY
9.626473603573583,3.6348237574430833,16.856623798185883,0.623055178005665,0.1418315018315024,9V_ZINC_CARBON_BATTERY_HEALTHY
9.618567900691719,2.728548943227838,17.22699141700649,0.6075282908061448,0.15472527472527453,9V_ZINC_CARBON_BATTERY_HEALTHY
9.625396153157888,3.9032031682451533,17.225810845929526,0.6319919901185402,0.16761904761904667,9V_ZINC_CARBON_BATTERY_HEALTHY
9.621763086214619,3.705598015587038,17.64237974134198,0.6016811704731927,0.15472527472527453,9V_ZINC_CARBON_BATTERY_HEALTHY
9.624821052520977,2.7425326830224552,16.003794664645135,0.5587446401286683,0.16761904761904667,9V_ZINC_CARBON_BATTERY_HEALTHY
9.624114756747716,3.4536990904508755,17.661403373946555,0.6071735473853795,0.1392527472527494,9V_ZINC_CARBON_BATTERY_HEALTHY
9.617070693016077,3.5946905860788663,15.868711260651692,0.5799100683265398,0.15214652014652152,9V_ZINC_CARBON_BATTERY_HEALTHY
9.62166127054241,3.229041643509897,17.738586303665937,0.6201987636185948,0.1418315018315024,9V_ZINC_CARBON_BATTERY_HEALTHY
9.625290797129058,3.008869058154232,15.927069377519897,0.5185855943356285,0.14956776556776674,9V_ZINC_CARBON_BATTERY_HEALTHY
9.620178875703306,3.0478630836591067,16.9136518648679,0.5979528788653174,0.15214652014652152,9V_ZINC_CARBON_BATTERY_HEALTHY
9.62520282453148,3.3080937056114683,17.491597533205358,0.5767753738731464,0.1444102564102554,9V_ZINC_CARBON_BATTERY_HEALTHY
9.621154097507485,3.613923248910044,17.179129062668167,0.6227625398872054,0.12893772893772848,9V_ZINC_CARBON_BATTERY_HEALTHY
9.622104407767276,3.072568884848104,16.144534538746317,0.6005180719111769,0.14956776556776674,9V_ZINC_CARBON_BATTERY_HEALTHY
9.622181991960101,3.4709587887632662,16.291472712681728,0.6302071015747065,0.1392527472527476,9V_ZINC_CARBON_BATTERY_HEALTHY
9.61046084296249,3.2134495038083095,18.513283715281062,0.6615703448556868,0.16246153846153888,9V_ZINC_CARBON_BATTERY_HEALTHY
9.622235616674494,3.1510114164153253,17.83909953872916,0.6334168109720729,0.11088644688644855,9V_ZINC_CARBON_BATTERY_HEALTHY
9.622950937324925,3.0569996171395024,15.986237645913294,0.5774993991688838,0.11604395604395634,9V_ZINC_CARBON_BATTERY_HEALTHY
9.621509673328033,3.2977776919815054,16.21298583494366,0.5861089765077826,0.14441025641025718,9V_ZINC_CARBON_BATTERY_HEALTHY
9.616325218241562,3.081636832986534,17.4096036701737,0.6230776160207179,0.1573040293040311,9V_ZINC_CARBON_BATTERY_HEALTHY
9.62330165619974,2.9141547536567476,17.692629566749662,0.6028883196899519,0.13151648351648504,9V_ZINC_CARBON_BATTERY_HEALTHY
9.625040537825283,3.6682650532999665,17.940167287041707,0.6643225895274156,0.17019780219780145,9V_ZINC_CARBON_BATTERY_HEALTHY
9.616342485724445,3.224655730551192,15.885010618040317,0.6275082106358492,0.1573040293040293,9V_ZINC_CARBON_BATTERY_HEALTHY
9.619122286227949,2.9555054808752907,16.943367058906844,0.5989286957786281,0.12120146520146591,9V_ZINC_CARBON_BATTERY_HEALTHY
9.616788639208972,2.8648493962802113,17.067179558290817,0.5993984674420549,0.12893772893772848,9V_ZINC_CARBON_BATTERY_HEALTHY
9.619445089828513,3.010211500619819,17.21374787958565,0.6125397797143677,0.1573040293040293,9V_ZINC_CARBON_BATTERY_HEALTHY
9.620828755770097,3.4338660590627064,17.73763652478672,0.6262167474838454,0.14698901098901018,9V_ZINC_CARBON_BATTERY_HEALTHY
9.623070818834305,2.3778046670609667,16.87847301870984,0.6080135553373301,0.11604395604395634,9V_ZINC_CARBON_BATTERY_HEALTHY
9.622312111327723,3.9799245798746785,18.73559840632791,0.6361460305861549,0.11862271062270935,9V_ZINC_CARBON_BATTERY_HEALTHY
9.625491424773108,3.6156970623649465,16.86361743467324,0.6021698369593492,0.1598827838827841,9V_ZINC_CARBON_BATTERY_HEALTHY
9.615733253994964,3.161163016070199,17.931047572276544,0.6243240894652754,0.1547252747252763,9V_ZINC_CARBON_BATTERY_HEALTHY
9.621486790815572,2.912638446914721,17.62808966986069,0.612614418354796,0.14956776556776497,9V_ZINC_CARBON_BATTERY_HEALTHY
9.61839553578683,2.972362490232297,17.042453874115417,0.6130399188169301,0.13925274725274583,9V_ZINC_CARBON_BATTERY_HEALTHY
9.615216033876342,3.2799331536964726,16.728022857754357,0.5508500336942902,0.13151648351648504,9V_ZINC_CARBON_BATTERY_HEALTHY
9.617603344829496,2.9523513857265025,16.60802461099247,0.6069640558410393,0.15214652014651975,9V_ZINC_CARBON_BATTERY_HEALTHY
9.618938429063265,2.7413908441840675,18.300305025440082,0.654609838638476,0.108307692307692,9V_ZINC_CARBON_BATTERY_HEALTHY
9.62724326990774,4.445743941514685,17.205042348019425,0.6162478192649329,0.16246153846153888,9V_ZINC_CARBON_BATTERY_HEALTHY
9.618644754639211,2.6792286488774297,17.116839093123794,0.6211204980886507,0.11862271062270935,9V_ZINC_CARBON_BATTERY_HEALTHY
9.62290281395743,3.443421505615387,18.693597199483605,0.6614577558612073,0.12120146520146591,9V_ZINC_CARBON_BATTERY_HEALTHY
9.623471721979994,3.726124034446159,17.685643034692603,0.6280716734939044,0.14183150183150417,9V_ZINC_CARBON_BATTERY_HEALTHY
9.629731314249668,4.33037937798981,18.313209422607233,0.6158773183586506,0.18567032967033015,9V_ZINC_CARBON_BATTERY_HEALTHY
9.62000609898126,3.3531293979096213,17.317915627855356,0.6196303145815769,0.15214652014652152,9V_ZINC_CARBON_BATTERY_HEALTHY
9.624936340361796,4.36497077687157,17.132951232944077,0.6352239912426001,0.14956776556776674,9V_ZINC_CARBON_BATTERY_HEALTHY
9.628989507898389,2.814266871049388,17.970408225358394,0.5986972854090316,0.12120146520146413,9V_ZINC_CARBON_BATTERY_HEALTHY
9.62154095677755,3.1549620212774676,15.106029681050487,0.5595698544623424,0.14956776556776674,9V_ZINC_CARBON_BATTERY_HEALTHY
9.615803368801346,2.5150177184038274,15.190855580319928,0.5075530128531023,0.14956776556776674,9V_ZINC_CARBON_BATTERY_HEALTHY
9.627463314740217,3.5630867560393438,17.542466684621623,0.6164378578607191,0.18567032967033015,9V_ZINC_CARBON_BATTERY_HEALTHY
9.617811610575552,3.411794643449934,17.01566645046297,0.5891402064136679,0.1573040293040311,9V_ZINC_CARBON_BATTERY_HEALTHY
9.621781097278639,3.1698908279847724,16.513459456544084,0.5686059994412056,0.13409523809523627,9V_ZINC_CARBON_BATTERY_HEALTHY
9.620183913206457,3.0487361693520048,17.76089306376179,0.6162011913431991,0.11088644688644855,9V_ZINC_CARBON_BATTERY_HEALTHY
9.61941132295271,2.8607668334064753,17.12557586241078,0.6183370455573481,0.1186227106227129,9V_ZINC_CARBON_BATTERY_HEALTHY
9.613425129182907,3.318288815167084,18.987728256014954,0.6549078543501105,0.13409523809523982,9V_ZINC_CARBON_BATTERY_HEALTHY
9.619351538458512,2.6711590836575896,18.475974679333977,0.6186905168349351,0.10057142857142765,9V_ZINC_CARBON_BATTERY_HEALTHY
9.625490136298161,2.6205447912908437,17.786575259851983,0.6463967509672448,0.12378021978022069,9V_ZINC_CARBON_BATTERY_HEALTHY
9.614377610942569,4.307053821211059,16.414416290022295,0.5635115153244948,0.15472527472527453,9V_ZINC_CARBON_BATTERY_HEALTHY
9.627554271328794,6.177572912753347,17.184215064094307,0.6310418718602553,0.22693040293040134,9V_ZINC_CARBON_BATTERY_HEALTHY
9.626823078510018,2.9520774218623256,17.111704832904426,0.6048248749149433,0.11604395604395457,9V_ZINC_CARBON_BATTERY_HEALTHY
9.624328417866243,2.806860632668163,19.692407675603626,0.6699475518344291,0.12893772893772848,9V_ZINC_CARBON_BATTERY_HEALTHY
9.61880913343199,3.6976758580638402,19.02270125810878,0.641918662713592,0.14698901098901196,9V_ZINC_CARBON_BATTERY_HEALTHY
9.61548130743181,2.6655328604547415,16.67966977385586,0.5959343434302404,0.1418315018315024,9V_ZINC_CARBON_BATTERY_HEALTHY
9.619363529261333,2.7134829506376765,17.079515212115552,0.5942526212329861,0.14956776556776497,9V_ZINC_CARBON_BATTERY_HEALTHY
9.622416945368945,2.912920238720619,17.358967098071744,0.617251430494253,0.1573040293040293,9V_ZINC_CARBON_BATTERY_HEALTHY
9.617825874619362,2.9126392972764976,16.005180677312534,0.573464397660044,0.1598827838827841,9V_ZINC_CARBON_BATTERY_HEALTHY
9.617736680784203,3.8279967342632464,18.480477790331886,0.6342781630303725,0.15214652014651975,9V_ZINC_CARBON_BATTERY_HEALTHY
9.620625442270132,3.364413748814632,17.60789624770055,0.606041094062684,0.1573040293040311,9V_ZINC_CARBON_BATTERY_HEALTHY
9.61569728352119,2.732628100000846,18.18449603530222,0.6287793902307603,0.11862271062270935,9V_ZINC_CARBON_BATTERY_HEALTHY
9.619853699725976,3.463014428830717,17.601232160489246,0.6035823100493937,0.13409523809523982,9V_ZINC_CARBON_BATTERY_HEALTHY
9.618641512146155,3.3313118068612892,18.979204995154674,0.6814105289415362,0.12635897435897547,9V_ZINC_CARBON_BATTERY_HEALTHY
9.619959685597436,3.5033867226970528,18.221901289843856,0.6255791767283606,0.13151648351648504,9V_ZINC_CARBON_BATTERY_HEALTHY
9.618910713126528,2.928783808426085,16.43450285277358,0.601426572623274,0.11862271062270935,9V_ZINC_CARBON_BATTERY_HEALTHY
9.621223161962018,3.9331606798852286,17.487676929509284,0.635617600491733,0.13667399267399283,9V_ZINC_CARBON_BATTERY_HEALTHY
9.615616185645015,5.098476981297833,17.982869509215263,0.6219428062204475,0.1908278388278397,9V_ZINC_CARBON_BATTERY_HEALTHY
9.621273870082495,5.23088534679341,18.351035320685323,0.6213537416143609,0.15988278388278587,9V_ZINC_CARBON_BATTERY_HEALTHY
9.621212498811692,4.022581076484737,17.342081736869496,0.6315469244755899,0.1573040293040311,9V_ZINC_CARBON_BATTERY_HEALTHY
9.617273613199833,2.8690645468735543,15.650719738425947,0.5751859104936388,0.15988278388278587,9V_ZINC_CARBON_BATTERY_HEALTHY
9.613052100291908,3.272388902465647,15.367875053992043,0.580212480642342,0.12893772893772848,9V_ZINC_CARBON_BATTERY_HEALTHY
9.61916212568934,3.712218075968954,17.66752060183904,0.6598426521309195,0.1392527472527476,9V_ZINC_CARBON_BATTERY_HEALTHY
9.621635889890495,3.5486148557508255,18.70390248411503,0.6578773796853471,0.12893772893772848,9V_ZINC_CARBON_BATTERY_HEALTHY
9.613516144230129,3.452009204320755,19.303373308356118,0.6167568934942235,0.12893772893773026,9V_ZINC_CARBON_BATTERY_HEALTHY
9.616052964303156,2.3630587965041174,16.036958943820096,0.5818214792996101,0.108307692307692,9V_ZINC_CARBON_BATTERY_HEALTHY
9.62111396044491,5.638689354055155,17.131891232935644,0.6264320710193417,0.19598534798534928,9V_ZINC_CARBON_BATTERY_HEALTHY
9.617018624719774,5.739554085136544,19.492408392616074,0.6575069448767882,0.19082783882783794,9V_ZINC_CARBON_BATTERY_HEALTHY
9.61736693240149,3.5373572139344813,19.41327100372819,0.6673947208081027,0.1418315018315024,9V_ZINC_CARBON_BATTERY_HEALTHY
9.621741410345077,3.024326818403582,17.640323323546347,0.6359083901299792,0.16246153846153888,9V_ZINC_CARBON_BATTERY_HEALTHY
9.621460820488954,3.424297970950011,17.43196868009232,0.6147803591375823,0.13667399267399283,9V_ZINC_CARBON_BATTERY_HEALTHY
9.621780385406833,3.0566943515846217,18.171531229438877,0.6331184147280606,0.14183150183150062,9V_ZINC_CARBON_BATTERY_HEALTHY
9.614186070088907,2.676043305143994,16.433205415734058,0.5846280234326456,0.1573040293040293,9V_ZINC_CARBON_BATTERY_HEALTHY
9.62029744383003,3.5183110869011123,17.45339751542043,0.6076106154918203,0.15214652014651975,9V_ZINC_CARBON_BATTERY_HEALTHY
9.620524126066735,2.5770303807166997,16.887601984228002,0.6038466877260646,0.12378021978022069,9V_ZINC_CARBON_BATTERY_HEALTHY
9.617370975682977,3.6315479040404286,15.92669264847547,0.5635651540912706,0.16504029304029366,9V_ZINC_CARBON_BATTERY_HEALTHY
9.615693156546905,3.5449167503674985,17.03056909971313,0.6173754943842499,0.15214652014652152,9V_ZINC_CARBON_BATTERY_HEALTHY
9.619609843797939,2.4162779452037717,18.51615754629697,0.6238028015912906,0.11346520146520156,9V_ZINC_CARBON_BATTERY_HEALTHY
9.61724367459561,4.623949867359362,18.24405098602948,0.6082637262940728,0.11088644688644855,9V_ZINC_CARBON_BATTERY_HEALTHY
9.620383992403665,3.8556101524418205,17.268426794683172,0.6021313222208765,0.14441025641025895,9V_ZINC_CARBON_BATTERY_HEALTHY
9.61576473950327,2.1995181718674766,16.4399397843265,0.5930393597538095,0.09799267399267642,9V_ZINC_CARBON_BATTERY_HEALTHY
9.613919363554801,3.692335695261847,17.4847063040084,0.648229522484822,0.17019780219780323,9V_ZINC_CARBON_BATTERY_HEALTHY
9.620339312402427,5.137500241078439,20.089556549087256,0.6615668867440696,0.14698901098901196,9V_ZINC_CARBON_BATTERY_HEALTHY
9.617443953250763,4.430106305832664,17.78807807044874,0.5883479799346544,0.14956776556776674,9V_ZINC_CARBON_BATTERY_HEALTHY
9.613476104978725,5.251811942556923,16.95861396108587,0.6091649727623971,0.2063003663003684,9V_ZINC_CARBON_BATTERY_HEALTHY
9.618559398583427,4.1832487473907936,18.261505547617382,0.6357028971562539,0.1573040293040293,9V_ZINC_CARBON_BATTERY_HEALTHY
9.621332339776675,3.2690458213346494,17.275853010191014,0.6167408191333177,0.15214652014652152,9V_ZINC_CARBON_BATTERY_HEALTHY
9.61549942708489,7.673160193657899,17.298408614430905,0.6062019181296051,0.17277655677655623,9V_ZINC_CARBON_BATTERY_HEALTHY
9.620945898932654,3.2016315834497577,19.329029253483874,0.6477240558908968,0.14698901098901196,9V_ZINC_CARBON_BATTERY_HEALTHY
9.617040062301804,2.5723125996996172,16.66481792839915,0.5990390275141154,0.11604395604395634,9V_ZINC_CARBON_BATTERY_HEALTHY
9.61818060725504,3.7940066313601757,19.975058542060193,0.691264857191861,0.14956776556776674,9V_ZINC_CARBON_BATTERY_HEALTHY
9.621261072985774,3.6045657739979418,17.085838482771464,0.5812068856902107,0.1444102564102554,9V_ZINC_CARBON_BATTERY_HEALTHY
9.624771252652154,4.7681522209718565,17.93830361203601,0.6219057144424955,0.17277655677655623,9V_ZINC_CARBON_BATTERY_HEALTHY
9.622198863640229,4.724150062707443,17.0613492567248,0.6232985751716633,0.18051282051282058,9V_ZINC_CARBON_BATTERY_HEALTHY
9.619777125036778,3.7941303571016327,17.149627959537106,0.6358732039061418,0.16246153846154066,9V_ZINC_CARBON_BATTERY_HEALTHY
9.621710803139315,4.287028030232211,18.441732653861056,0.6487210315823375,0.12893772893772848,9V_ZINC_CARBON_BATTERY_HEALTHY
9.6159665911303,2.628873998282329,16.85206061979417,0.6071434526309647,0.12378021978022069,9V_ZINC_CARBON_BATTERY_HEALTHY
9.61715661718939,2.632382014978515,17.52884968819813,0.6237852745127213,0.1031501831501842,9V_ZINC_CARBON_BATTERY_HEALTHY
9.618621974201098,3.4203990237562665,20.54844203268881,0.6617730708469102,0.1573040293040311,9V_ZINC_CARBON_BATTERY_HEALTHY
9.621206568498375,2.870490701641974,18.92879060490506,0.6692257163107694,0.13667399267399283,9V_ZINC_CARBON_BATTERY_HEALTHY
9.62443013104618,2.5384209427406232,15.95039004639963,0.5457214266208558,0.12120146520146591,9V_ZINC_CARBON_BATTERY_HEALTHY
9.612094964320363,3.780143424408659,16.43129977219389,0.5616592637479598,0.1418315018315024,9V_ZINC_CARBON_BATTERY_HEALTHY
9.609940832345078,4.603475266819358,17.595449660956497,0.6537989094633975,0.12378021978022069,9V_ZINC_CARBON_BATTERY_HEALTHY
9.616938568299929,3.071254349469386,17.38572306451784,0.6353456315691737,0.11346520146520156,9V_ZINC_CARBON_BATTERY_HEALTHY
9.619603663630745,3.7407887111681313,16.64988743763942,0.5747020023581764,0.1418315018315024,9V_ZINC_CARBON_BATTERY_HEALTHY
9.622329729165834,3.420992305390427,16.397000572354273,0.6107936410426511,0.12635897435897547,9V_ZINC_CARBON_BATTERY_HEALTHY
9.613418012921635,2.9763065953725367,16.33199773799907,0.5667534593263364,0.14698901098901196,9V_ZINC_CARBON_BATTERY_HEALTHY
9.616111068104006,4.704927073801089,17.40667964340258,0.606877644258722,0.1934065934065945,9V_ZINC_CARBON_BATTERY_HEALTHY
9.618752326665028,2.6349046643402967,16.924342055738855,0.5733191879789666,0.13151648351648504,9V_ZINC_CARBON_BATTERY_HEALTHY
9.61594401700138,3.020386786165249,19.182327953643345,0.5997420436712855,0.12378021978022069,9V_ZINC_CARBON_BATTERY_HEALTHY
9.618830789983758,2.9114729868875284,18.762539646171597,0.6297762510365996,0.10572893772893899,9V_ZINC_CARBON_BATTERY_HEALTHY
9.62438131030496,3.2645628787042775,18.22825975612689,0.6691927733321088,0.15472527472527453,9V_ZINC_CARBON_BATTERY_HEALTHY
9.624364725741072,3.1775790640575514,16.833689100990746,0.62367400132713,0.13151648351648504,9V_ZINC_CARBON_BATTERY_HEALTHY
9.618834900056472,3.868667341432653,19.099142696050805,0.6492486822923214,0.15472527472527453,9V_ZINC_CARBON_BATTERY_HEALTHY
9.615965061063498,3.4746728147462087,17.683508419858782,0.6176231934266401,0.14698901098901196,9V_ZINC_CARBON_BATTERY_HEALTHY
9.619251584563221,3.24477696813265,17.20777083452034,0.606289575567868,0.15472527472527453,9V_ZINC_CARBON_BATTERY_HEALTHY
9.617541021875095,3.2724241192126025,17.915138788448523,0.6365813663758709,0.12378021978021891,9V_ZINC_CARBON_BATTERY_HEALTHY
9.616739121020897,3.0630764836083157,18.21243942610405,0.6482767568874068,0.14441025641025718,9V_ZINC_CARBON_BATTERY_HEALTHY
9.621849794387975,2.794858895703957,15.595852516429703,0.5865822194188522,0.11862271062271112,9V_ZINC_CARBON_BATTERY_HEALTHY
9.613448162314203,2.9739140727959286,16.7788186608653,0.624303764277456,0.13151648351648504,9V_ZINC_CARBON_BATTERY_HEALTHY
9.613801059163587,4.038080769972306,16.751646484983823,0.615695357101108,0.1573040293040311,9V_ZINC_CARBON_BATTERY_HEALTHY
9.61522344446975,3.2457423344436256,16.049470732217745,0.5962320127787432,0.13409523809523805,9V_ZINC_CARBON_BATTERY_HEALTHY
9.610202058174009,3.0173497514403054,16.164780596194912,0.5659622227174052,0.108307692307692,9V_ZINC_CARBON_BATTERY_HEALTHY
9.620796562793801,3.298614106329726,17.15545870368527,0.5912990713433643,0.12120146520146591,9V_ZINC_CARBON_BATTERY_HEALTHY
9.61766263717273,2.556189868877643,16.43359324855396,0.5838478663959233,0.11346520146520156,9V_ZINC_CARBON_BATTERY_HEALTHY
9.61762124095353,3.234839666318184,17.176795157762193,0.6149078785731551,0.14441025641025718,9V_ZINC_CARBON_BATTERY_HEALTHY
9.62093010678143,4.027803507382438,16.617230189332467,0.5972718602516713,0.14698901098901196,9V_ZINC_CARBON_BATTERY_HEALTHY
9.619749548044966,2.472292478007336,16.226327224364677,0.55632347318908,0.11088644688644678,9V_ZINC_CARBON_BATTERY_HEALTHY
9.608741640594829,3.8592695823010654,19.180416703718443,0.6652484271620749,0.13151648351648504,9V_ZINC_CARBON_BATTERY_HEALTHY
9.611915845070435,3.37760772425163,17.27494317128102,0.6041993117392734,0.1573040293040311,9V_ZINC_CARBON_BATTERY_HEALTHY
9.615887860665074,3.446203558918688,18.788469369851693,0.665870876093311,0.13151648351648504,9V_ZINC_CARBON_BATTERY_HEALTHY
9.616588554359254,4.008661823952344,18.520104316062326,0.6502196803467042,0.13667399267399105,9V_ZINC_CARBON_BATTERY_HEALTHY
9.617038442513588,2.923813145954308,17.894989258397185,0.611882906089593,0.10572893772893899,9V_ZINC_CARBON_BATTERY_HEALTHY
9.624206311572971,2.8264636016437708,17.120855141238035,0.5872366554988206,0.15214652014652152,9V_ZINC_CARBON_BATTERY_HEALTHY
9.616280968878524,3.582312633402622,16.92117132835442,0.6087117613051187,0.1263589743589737,9V_ZINC_CARBON_BATTERY_HEALTHY
9.612739522821196,4.693650771484201,17.916829394495917,0.6369502643459201,0.1263589743589737,9V_ZINC_CARBON_BATTERY_HEALTHY
9.623206920916363,6.080234673350028,18.228225414656894,0.6289005272716615,0.18567032967033015,9V_ZINC_CARBON_BATTERY_HEALTHY
9.616092083441446,4.146374014167856,17.044754770359077,0.5891349576258782,0.1598827838827841,9V_ZINC_CARBON_BATTERY_HEALTHY
9.621349359820064,3.2236547168080487,16.733677057553297,0.6047285103262918,0.1263589743589737,9V_ZINC_CARBON_BATTERY_HEALTHY
9.61483079964307,4.76045700174158,16.991615088178122,0.5862893642856714,0.18824908424908315,9V_ZINC_CARBON_BATTERY_HEALTHY
9.620229088172582,2.917251252470295,18.110604178075466,0.644105013735798,0.12378021978022069,9V_ZINC_CARBON_BATTERY_HEALTHY
9.619215423306043,3.107046859497754,17.032819774475865,0.6397337182262323,0.14956776556776497,9V_ZINC_CARBON_BATTERY_HEALTHY
9.615690291696103,3.1196394726152374,18.073110255595118,0.6145187569186696,0.11604395604395634,9V_ZINC_CARBON_BATTERY_HEALTHY
9.61455392980549,2.9883242056365056,17.38488146936846,0.6238350561032638,0.13409523809523805,9V_ZINC_CARBON_BATTERY_HEALTHY
9.624946232476123,5.180388481374178,18.349221721816903,0.6535945431421021,0.18309157509157536,9V_ZINC_CARBON_BATTERY_HEALTHY
9.617048932236493,4.074504822243744,17.525425922719204,0.6595374562635589,0.16761904761904667,9V_ZINC_CARBON_BATTERY_HEALTHY
9.615842096492186,2.878272089172674,19.21707613987331,0.6318806466621976,0.15214652014652152,9V_ZINC_CARBON_BATTERY_HEALTHY
9.61605083778867,2.855770149860318,17.308945896145726,0.583792814922516,0.12378021978022069,9V_ZINC_CARBON_BATTERY_HEALTHY
9.616809408282334,4.350809985419398,17.57963692894899,0.6308583712478514,0.14698901098901196,9V_ZINC_CARBON_BATTERY_HEALTHY
9.61866848564521,2.488724855842593,15.6884387496509,0.5485406104740262,0.14956776556776674,9V_ZINC_CARBON_BATTERY_HEALTHY
9.620406523280527,3.1351689393668156,14.978278408324115,0.5352916499080905,0.16246153846153888,9V_ZINC_CARBON_BATTERY_HEALTHY
9.609575705962145,4.14462603400954,16.74288993545767,0.6151610342468231,0.12893772893773026,9V_ZINC_CARBON_BATTERY_HEALTHY
9.613866723096493,3.254054508138899,17.633707331774136,0.6357908874045078,0.11346520146520334,9V_ZINC_CARBON_BATTERY_HEALTHY
9.615820600914116,3.267207625593045,20.03537773154896,0.6684106190821014,0.1418315018315024,9V_ZINC_CARBON_BATTERY_HEALTHY
9.61680658698251,2.242278794503555,17.31745748505192,0.613043630179247,0.13151648351648149,9V_ZINC_CARBON_BATTERY_HEALTHY
9.615990352950043,2.656405166488411,17.473052236090194,0.6168857595672311,0.11088644688644855,9V_ZINC_CARBON_BATTERY_HEALTHY
9.620417054261326,3.2750857768768955,17.236603560658097,0.6350322765324355,0.14441025641025718,9V_ZINC_CARBON_BATTERY_HEALTHY
9.621051501257757,3.046003178015922,17.239743867694816,0.5777022406109504,0.1573040293040293,9V_ZINC_CARBON_BATTERY_HEALTHY
9.61428836436683,3.0936187193532034,17.788017826995272,0.6215648809745484,0.12893772893773026,9V_ZINC_CARBON_BATTERY_HEALTHY
9.619109316893041,3.580361415152237,18.264980629511687,0.643271293159287,0.16761904761904844,9V_ZINC_CARBON_BATTERY_HEALTHY
9.621781276974426,3.3789664801407238,18.00319980989357,0.6463707440633086,0.1573040293040311,9V_ZINC_CARBON_BATTERY_HEALTHY
9.618698169196955,3.68229251411272,16.722614283495794,0.596411201140783,0.15472527472527453,9V_ZINC_CARBON_BATTERY_HEALTHY
9.616895628672879,3.794560555182868,17.285391919313046,0.6209482281861582,0.110886446886445,9V_ZINC_CARBON_BATTERY_HEALTHY
9.612787261243888,2.9875072444405233,17.125535635505027,0.6274160127739065,0.11604395604395634,9V_ZINC_CARBON_BATTERY_HEALTHY
9.61552524061566,3.591496767847513,15.822448848684216,0.5855836188120263,0.1366739926739946,9V_ZINC_CARBON_BATTERY_HEALTHY
9.620748143525152,3.8189059856993417,18.08128829285955,0.5916833718208546,0.1418315018315024,9V_ZINC_CARBON_BATTERY_HEALTHY
9.617629792291684,3.164267509284095,17.4761971594349,0.6262068070520217,0.15214652014652152,9V_ZINC_CARBON_BATTERY_HEALTHY
9.618400551754114,3.0786448124925174,17.204168937491,0.6029285772233223,0.14956776556776497,9V_ZINC_CARBON_BATTERY_HEALTHY
9.614375375119499,3.1628618896193332,17.935472514963504,0.6228140796685807,0.13409523809523805,9V_ZINC_CARBON_BATTERY_HEALTHY
9.615026907928463,3.673960027839795,19.473491077386832,0.669418754819867,0.12635897435897547,9V_ZINC_CARBON_BATTERY_HEALTHY
9.611070291278082,3.8740634174828568,16.947478471243848,0.6200526465390436,0.12893772893772848,9V_ZINC_CARBON_BATTERY_HEALTHY
9.625367606033446,5.179194971879578,18.89157825080576,0.6437194826580562,0.20114285714285707,9V_ZINC_CARBON_BATTERY_HEALTHY
9.610601001956606,2.6497944261784165,16.827793329087257,0.6129172891922482,0.11862271062271112,9V_ZINC_CARBON_BATTERY_HEALTHY
9.616797473072026,2.9387785913961606,16.98070274591247,0.6034217572627707,0.13925274725274583,9V_ZINC_CARBON_BATTERY_HEALTHY
9.61527972571733,3.904451098131479,17.496521147968505,0.6460576681908473,0.14441025641025895,9V_ZINC_CARBON_BATTERY_HEALTHY
9.61514612054238,2.6946596260614477,18.842370629587354,0.6697894299529981,0.11346520146520156,9V_ZINC_CARBON_BATTERY_HEALTHY
9.618845655717845,3.15148838703495,17.53534312539995,0.5990229296487523,0.10572893772893721,9V_ZINC_CARBON_BATTERY_HEALTHY
9.61275969705947,3.198932302961982,17.77454210780724,0.6497749187071996,0.12120146520146768,9V_ZINC_CARBON_BATTERY_HEALTHY
9.615240544487342,3.258030055847851,18.201818736061092,0.6360655811935728,0.13409523809523627,9V_ZINC_CARBON_BATTERY_HEALTHY
9.610316948789418,4.244535115283269,17.47155651905165,0.627115606346591,0.17019780219780323,9V_ZINC_CARBON_BATTERY_HEALTHY
9.609835903721303,3.389864460475789,16.63419600763541,0.610036623091375,0.1392527472527476,9V_ZINC_CARBON_BATTERY_HEALTHY
9.615921537908799,3.4566715646392736,16.315949449655143,0.6120658029298169,0.1418315018315024,9V_ZINC_CARBON_BATTERY_HEALTHY
9.60897314399901,3.0632184282660044,16.800982886291575,0.6125524236246898,0.13409523809523805,9V_ZINC_CARBON_BATTERY_HEALTHY
9.614335159611437,2.7670482407243155,15.156402235755214,0.5689444971948702,0.11346520146520156,9V_ZINC_CARBON_BATTERY_HEALTHY
9.614601154312046,3.8844008773500414,18.590412077763403,0.6238675906374839,0.12120146520146591,9V_ZINC_CARBON_BATTERY_HEALTHY
9.612030981559213,2.8702906690013057,17.983621486244427,0.5899853714339973,0.11346520146520156,9V_ZINC_CARBON_BATTERY_HEALTHY
9.620353555417426,3.1649915438029708,17.012793808204755,0.5836677559031866,0.1573040293040293,9V_ZINC_CARBON_BATTERY_HEALTHY
9.6166205712576,3.559683372574032,14.900386247793314,0.5357625823469737,0.14956776556776674,9V_ZINC_CARBON_BATTERY_HEALTHY
9.613880707664746,2.5055359124284173,18.718145375191916,0.6452210820399914,0.10572893772893721,9V_ZINC_CARBON_BATTERY_HEALTHY
9.616771014677122,4.042445359785775,18.640628211959967,0.6666740073061007,0.14441025641025718,9V_ZINC_CARBON_BATTERY_HEALTHY
9.615792595905688,3.4189494209887847,17.984792371684936,0.6590876113979782,0.1392527472527476,9V_ZINC_CARBON_BATTERY_HEALTHY
9.620073858283018,2.6444360865553427,18.5404930542275,0.6500793330163634,0.14698901098901196,9V_ZINC_CARBON_BATTERY_HEALTHY
9.611964386663264,4.205673855763941,16.838944521814067,0.6026706520482512,0.13409523809523982,9V_ZINC_CARBON_BATTERY_HEALTHY
9.622254563299506,2.779770266651609,16.95330631442669,0.6021872916290092,0.14956776556776674,9V_ZINC_CARBON_BATTERY_HEALTHY
9.616369432824659,2.4978531467196303,19.160405559566197,0.6720470193400728,0.12378021978021891,9V_ZINC_CARBON_BATTERY_HEALTHY
9.609769359353795,4.161803516729101,18.527219682674612,0.6071493847135789,0.12893772893773026,9V_ZINC_CARBON_BATTERY_HEALTHY
9.619715860007542,2.9791988811325347,16.585388923790013,0.6085846081299783,0.11862271062271112,9V_ZINC_CARBON_BATTERY_HEALTHY
9.604739790447658,2.4291990323923414,17.87304485846707,0.6494235025990402,0.11346520146520334,9V_ZINC_CARBON_BATTERY_HEALTHY
9.620963500264661,3.0453512726624266,16.568363676770257,0.6245890483769415,0.1263589743589737,9V_ZINC_CARBON_BATTERY_HEALTHY
9.606443669786083,3.6427025429731836,18.184575378456035,0.6274889654173289,0.15472527472527453,9V_ZINC_CARBON_BATTERY_HEALTHY
9.610648216479563,4.555013828295307,20.565356330384947,0.6390334236984527,0.14441025641025718,9V_ZINC_CARBON_BATTERY_HEALTHY
9.615209264745545,3.730326968039658,16.98026498778048,0.5918119876228307,0.16761904761904667,9V_ZINC_CARBON_BATTERY_HEALTHY
9.611998146837646,5.631339691526864,18.70429726262905,0.6602901833422374,0.1573040293040311,9V_ZINC_CARBON_BATTERY_HEALTHY
9.60803078869136,3.607216238491713,18.09532996266823,0.6209407519243175,0.1418315018315024,9V_ZINC_CARBON_BATTERY_HEALTHY
9.60995351303863,2.9503174527825933,16.954935655605613,0.6438847897031648,0.12378021978022069,9V_ZINC_CARBON_BATTERY_HEALTHY
9.615679001720531,2.991586240172395,17.705701521752395,0.6013580276522396,0.14956776556776674,9V_ZINC_CARBON_BATTERY_HEALTHY
9.612213666754652,2.5921317592364828,18.17325928561859,0.6676482499717875,0.12635897435897547,9V_ZINC_CARBON_BATTERY_HEALTHY
9.615706102826442,4.757688231035714,16.70499647268123,0.615473407623524,0.16246153846153888,9V_ZINC_CARBON_BATTERY_HEALTHY
9.611075606858826,5.008490555455868,16.265262824366545,0.6004039040071004,0.19598534798534928,9V_ZINC_CARBON_BATTERY_HEALTHY
9.61338481285592,3.431699635991211,17.916414721117746,0.6438181313738476,0.14441025641025718,9V_ZINC_CARBON_BATTERY_HEALTHY
9.616674833779044,3.756531553767802,16.480477868045842,0.6029891267868643,0.14956776556776674,9V_ZINC_CARBON_BATTERY_HEALTHY
9.610006216451287,3.382356103316639,17.47738205780203,0.6034898666622741,0.1547252747252763,9V_ZINC_CARBON_BATTERY_HEALTHY
9.611017112821813,3.3293317370201856,16.102939570750774,0.5657492925344744,0.14698901098901196,9V_ZINC_CARBON_BATTERY_HEALTHY
9.610647268524103,3.168476083267573,16.87544262967338,0.6166181317525626,0.1366739926739946,9V_ZINC_CARBON_BATTERY_HEALTHY
9.606056195588845,3.2841333627890563,17.287965053859985,0.5821087711056327,0.17535531135531102,9V_ZINC_CARBON_BATTERY_HEALTHY
9.605642360364966,4.840409425522836,18.096406892123564,0.6474479090519553,0.19340659340659272,9V_ZINC_CARBON_BATTERY_HEALTHY
9.612956966537608,3.8160012554674747,16.37965377524637,0.5885634805870457,0.13667399267399283,9V_ZINC_CARBON_BATTERY_HEALTHY
9.608705623185397,3.4766760679325244,17.701940886114198,0.5942864885426531,0.14956776556776674,9V_ZINC_CARBON_BATTERY_HEALTHY
9.615890433272483,3.126032686994377,17.04111698098591,0.6053007689884877,0.1444102564102554,9V_ZINC_CARBON_BATTERY_HEALTHY
9.613281163512152,2.8113641078850238,15.782012248653457,0.5754798968471285,0.1418315018315024,9V_ZINC_CARBON_BATTERY_HEALTHY
9.609360647633949,3.118303478214193,17.258050552288378,0.6095730022583148,0.13151648351648326,9V_ZINC_CARBON_BATTERY_HEALTHY
9.606775714799404,4.22717328086633,17.616640457103333,0.6212267165964115,0.16504029304029366,9V_ZINC_CARBON_BATTERY_HEALTHY
9.6112610968175,2.8468255225727033,16.849504775563087,0.6079929377873422,0.12635897435897547,9V_ZINC_CARBON_BATTERY_HEALTHY
9.610298919699774,5.323390196616066,16.77778638231841,0.5812449772539975,0.19598534798534928,9V_ZINC_CARBON_BATTERY_HEALTHY
9.610109921876138,2.6691960794246348,17.326701748042318,0.6202615477054245,0.13409523809523982,9V_ZINC_CARBON_BATTERY_HEALTHY
9.619336808312303,2.8237867864234767,16.571556788427635,0.6031361739560241,0.11604395604395634,9V_ZINC_CARBON_BATTERY_HEALTHY
9.611412734599272,2.887558235364812,16.303556431618436,0.6080353854054968,0.12378021978022247,9V_ZINC_CARBON_BATTERY_HEALTHY
9.611591975653967,2.9796746747171485,15.805563089362881,0.5896344157933272,0.13667399267399283,9V_ZINC_CARBON_BATTERY_HEALTHY
9.613174332701163,4.092245457444606,18.066047317316222,0.6154147019241878,0.16246153846153888,9V_ZINC_CARBON_BATTERY_HEALTHY
9.61178671441903,3.2152960995698496,14.961410283981472,0.5424667385131686,0.15730402930402754,9V_ZINC_CARBON_BATTERY_HEALTHY
9.613138461604452,4.207710134749114,17.942427519049925,0.6540646112469836,0.16761904761904667,9V_ZINC_CARBON_BATTERY_HEALTHY
9.610765680930106,3.081449493516504,17.361398726556327,0.6192136412946695,0.13151648351648504,9V_ZINC_CARBON_BATTERY_HEALTHY
9.60292923184224,3.165703759683082,18.006723402779564,0.6091468241470726,0.1418315018315024,9V_ZINC_CARBON_BATTERY_HEALTHY
9.61824879425204,3.8391480396343227,16.803772554142643,0.5922490360188415,0.1573040293040293,9V_ZINC_CARBON_BATTERY_HEALTHY
9.607305843351105,3.165726740204411,16.1867183281565,0.553075209359596,0.14956776556776674,9V_ZINC_CARBON_BATTERY_HEALTHY
9.602555268902604,2.557550726624393,18.963190499868286,0.6458586250299158,0.12378021978022069,9V_ZINC_CARBON_BATTERY_HEALTHY
9.613637865781476,3.406746918277005,17.62798455803955,0.6296024280273461,0.1263589743589737,9V_ZINC_CARBON_BATTERY_HEALTHY
9.617082978811021,3.3174584419951976,18.37807097142964,0.6349711585226467,0.13409523809523805,9V_ZINC_CARBON_BATTERY_HEALTHY
9.614190621366152,3.821787269444978,17.439181173136046,0.5967453265596979,0.13925274725274583,9V_ZINC_CARBON_BATTERY_HEALTHY
9.612651478594604,2.8614301436064213,18.891135623157748,0.6573342618757673,0.12120146520146591,9V_ZINC_CARBON_BATTERY_HEALTHY
9.610253179079848,3.334247213067534,18.163709031698218,0.6450926213339792,0.13409523809523982,9V_ZINC_CARBON_BATTERY_HEALTHY
9.605206745665356,2.885014026168176,17.65676298774673,0.619743475742948,0.1418315018315024,9V_ZINC_CARBON_BATTERY_HEALTHY
9.613758340705827,3.0690840270661397,17.15343992320319,0.606554621770064,0.13409523809523982,9V_ZINC_CARBON_BATTERY_HEALTHY
9.610431827652025,3.7843485672171826,19.31015118144506,0.6595320395140246,0.12378021978021891,9V_ZINC_CARBON_BATTERY_HEALTHY
9.613632887103332,2.7101635988250257,16.57118647057467,0.6224845265260471,0.13409523809523805,9V_ZINC_CARBON_BATTERY_HEALTHY
9.607639045613112,3.8333282813339227,18.86773423300009,0.6238902190320254,0.1959853479853475,9V_ZINC_CARBON_BATTERY_HEALTHY
9.605591370688444,2.8517503497009,17.858740583716223,0.6159710497780191,0.11604395604395634,9V_ZINC_CARBON_BATTERY_HEALTHY
9.607640618535166,2.8536211484061864,18.855557178540728,0.6545299626533511,0.12120146520146591,9V_ZINC_CARBON_BATTERY_HEALTHY
9.61511440823288,3.4871211181154105,18.730105589955635,0.6472837186250343,0.14698901098901196,9V_ZINC_CARBON_BATTERY_HEALTHY
9.61990970329813,3.5299274658364963,19.974540384992146,0.6317181881561486,0.15214652014651975,9V_ZINC_CARBON_BATTERY_HEALTHY
9.608124275527738,3.7706800165084324,19.826858331401873,0.6692520326253661,0.14698901098901018,9V_ZINC_CARBON_BATTERY_HEALTHY
9.60328907810872,2.582124387169075,16.968284161935113,0.6229454953642916,0.12893772893773026,9V_ZINC_CARBON_BATTERY_HEALTHY
9.604797353410484,3.6903896609707556,17.446955166026747,0.6196102071538668,0.1444102564102554,9V_ZINC_CARBON_BATTERY_HEALTHY
9.61193884203733,3.5837111259678536,17.57294668526454,0.6247857652720765,0.18309157509157536,9V_ZINC_CARBON_BATTERY_HEALTHY
9.614551830625745,2.2278427830668157,17.708721915586466,0.5895063425974966,0.12635897435897547,9V_ZINC_CARBON_BATTERY_HEALTHY
9.60907095218252,3.086902692329807,18.604452887887486,0.6604670677088372,0.12378021978022069,9V_ZINC_CARBON_BATTERY_HEALTHY
9.612916395749291,2.654860304277034,16.55255695363053,0.601614242609457,0.1598827838827841,9V_ZINC_CARBON_BATTERY_HEALTHY
9.614884129914774,2.7358023601947354,17.196565136214158,0.6194022246311911,0.1418315018315024,9V_ZINC_CARBON_BATTERY_HEALTHY
9.617467713149017,2.374737370171747,17.99698195133399,0.622836200435914,0.13151648351648149,9V_ZINC_CARBON_BATTERY_HEALTHY
9.60984192236112,2.9878609717684226,19.989156449137308,0.667032925427358,0.1598827838827841,9V_ZINC_CARBON_BATTERY_HEALTHY
9.609643438468916,2.874622284548626,17.355129109961855,0.6160589988752111,0.13151648351648504,9V_ZINC_CARBON_BATTERY_HEALTHY
9.611921139428174,2.7007253150604886,17.004074277187453,0.5924667923562056,0.1392527472527476,9V_ZINC_CARBON_BATTERY_HEALTHY
9.615680606177285,2.5876461129968003,16.422948463719145,0.5959528020958371,0.13409523809523982,9V_ZINC_CARBON_BATTERY_HEALTHY
9.610229121097495,2.851059420999041,15.870221927379422,0.5738431244684473,0.16504029304029366,9V_ZINC_CARBON_BATTERY_HEALTHY
9.60458242003485,2.835712354532542,15.978138402372831,0.5736825916149387,0.1418315018315024,9V_ZINC_CARBON_BATTERY_HEALTHY
9.606964285021851,2.889711636112625,16.709859709042142,0.6106475849778549,0.13151648351648504,9V_ZINC_CARBON_BATTERY_HEALTHY
9.609602948843072,2.9771043710447063,17.448237641088486,0.6279727717418855,0.1598827838827841,9V_ZINC_CARBON_BATTERY_HEALTHY
9.60757410914416,3.79847522231923,18.854750425645097,0.6293807186841169,0.14956776556776674,9V_ZINC_CARBON_BATTERY_HEALTHY
9.607808841841141,3.4228205613970952,19.24249101354561,0.6123509038081036,0.1779340659340658,9V_ZINC_CARBON_BATTERY_HEALTHY
9.604737969530408,4.0960373896788775,18.206072184675048,0.6167447217756311,0.1366739926739946,9V_ZINC_CARBON_BATTERY_HEALTHY
9.610198477226621,2.8270592026057555,16.527105708356682,0.5879803845899668,0.1366739926739946,9V_ZINC_CARBON_BATTERY_HEALTHY
9.602967708487922,3.091069072315482,17.930129902536404,0.5990065900083065,0.12378021978022069,9V_ZINC_CARBON_BATTERY_HEALTHY
9.613017247367129,3.1156738201735905,17.5946783223371,0.6145045365520684,0.15214652014652152,9V_ZINC_CARBON_BATTERY_HEALTHY
9.612679601711418,3.2362707751335527,17.614186219596213,0.6254400370444039,0.11862271062271112,9V_ZINC_CARBON_BATTERY_HEALTHY
9.611621684519422,3.2929362659362407,17.729304691648036,0.6098607516422784,0.1573040293040311,9V_ZINC_CARBON_BATTERY_HEALTHY
9.610533014988668,3.5607962681104905,18.938974138030435,0.6527347709088404,0.1573040293040311,9V_ZINC_CARBON_BATTERY_HEALTHY
9.616363349117545,3.4168398284895223,17.148668943038672,0.6057081200896635,0.1598827838827841,9V_ZINC_CARBON_BATTERY_HEALTHY
9.608179641509315,3.2979120486549545,15.956824128301188,0.5801035305192367,0.15214652014652152,9V_ZINC_CARBON_BATTERY_HEALTHY
9.602813527441581,2.415494528595624,16.193875077355024,0.608572194009126,0.11088644688644855,9V_ZINC_CARBON_BATTERY_HEALTHY
9.616487569044288,6.293070375789781,16.904588051899175,0.5955085413908358,0.1908278388278397,9V_ZINC_CARBON_BATTERY_HEALTHY
9.609477989418988,4.270093271524135,18.01800197798539,0.644262673746058,0.15730402930402754,9V_ZINC_CARBON_BATTERY_HEALTHY
9.609235441114864,3.3559508515951215,18.427935063255255,0.5883897041008831,0.1418315018315024,9V_ZINC_CARBON_BATTERY_HEALTHY
9.604625779937159,3.1209044044438468,18.136981107666394,0.6455192536947566,0.12120146520146591,9V_ZINC_CARBON_BATTERY_HEALTHY
9.607256831762827,2.9135994088686177,17.557783763607183,0.6197105489339042,0.1186227106227129,9V_ZINC_CARBON_BATTERY_HEALTHY
9.609424893844428,3.3296578302226547,17.26411454534287,0.6139476299751251,0.14441025641025718,9V_ZINC_CARBON_BATTERY_HEALTHY
9.609856231104226,3.698913064969653,17.093733110371197,0.6150753061535578,0.12378021978022069,9V_ZINC_CARBON_BATTERY_HEALTHY
9.605487261670277,4.936858695031245,17.356392521264652,0.6381907533173876,0.15472527472527453,9V_ZINC_CARBON_BATTERY_HEALTHY
9.606758369551802,3.1460302841136847,18.49304387056582,0.6459511326692837,0.1444102564102554,9V_ZINC_CARBON_BATTERY_HEALTHY
9.60978240876394,2.872948339722254,17.91452825520551,0.6626392698030036,0.13667399267399283,9V_ZINC_CARBON_BATTERY_HEALTHY
9.6068242010293,3.280930428276694,17.608175163159203,0.6344880949021663,0.1366739926739946,9V_ZINC_CARBON_BATTERY_HEALTHY
9.612497669061602,3.5314342793983347,17.07926231484149,0.6135017260211335,0.1031501831501842,9V_ZINC_CARBON_BATTERY_HEALTHY
9.607485600551033,3.3388559768348465,18.760250208844866,0.6223457613769887,0.14956776556776674,9V_ZINC_CARBON_BATTERY_HEALTHY
9.614078500577278,3.5598511070898295,18.020441758858205,0.6053616690714582,0.1392527472527494,9V_ZINC_CARBON_BATTERY_HEALTHY
9.611228716117461,3.195302203566041,16.926716575688022,0.6101002392274232,0.1392527472527494,9V_ZINC_CARBON_BATTERY_HEALTHY
9.611183718525496,4.6003225952690014,17.603306826672462,0.5984916379331953,0.16504029304029189,9V_ZINC_CARBON_BATTERY_HEALTHY
9.61403226781461,2.4725075058219317,16.55893290008884,0.6087233783275992,0.11346520146520156,9V_ZINC_CARBON_BATTERY_HEALTHY
9.60211158615046,2.468573988877323,16.82187426177403,0.5945080602862957,0.1444102564102554,9V_ZINC_CARBON_BATTERY_HEALTHY
9.60781196859548,2.5681794046715853,16.298831031691048,0.5685255125966012,0.12635897435897547,9V_ZINC_CARBON_BATTERY_HEALTHY
9.598034396145534,3.9043622202054142,17.081694788946304,0.6194532525700769,0.18309157509157536,9V_ZINC_CARBON_BATTERY_HEALTHY
9.609302911316608,2.5137906211757337,18.478543573690256,0.6331311597371482,0.108307692307692,9V_ZINC_CARBON_BATTERY_HEALTHY
9.612848080996502,3.3512721097891096,16.703842884414062,0.6098742546323225,0.1753553113553128,9V_ZINC_CARBON_BATTERY_HEALTHY
9.611383512867114,4.317267352017283,18.010220467170065,0.6199667177600483,0.16246153846153888,9V_ZINC_CARBON_BATTERY_HEALTHY
9.60715946022482,3.1044079342312076,18.392581484157937,0.6124096813468726,0.11862271062271112,9V_ZINC_CARBON_BATTERY_HEALTHY
9.611704421219327,2.7241699973910127,15.643625021720807,0.5265316555202584,0.1366739926739946,9V_ZINC_CARBON_BATTERY_HEALTHY
9.60937811620985,3.7479861375636516,17.20901006536999,0.5752098246958571,0.14441025641025718,9V_ZINC_CARBON_BATTERY_HEALTHY
9.611131888178859,3.3158801395850275,17.634322578012824,0.6140417680381977,0.1366739926739946,9V_ZINC_CARBON_BATTERY_HEALTHY
9.613740783248785,4.455761088552205,16.746618475211193,0.6160775449411613,0.14698901098901196,9V_ZINC_CARBON_BATTERY_HEALTHY
9.600345703434805,3.150652540825137,19.478640237804136,0.6240178934295455,0.13667399267399283,9V_ZINC_CARBON_BATTERY_HEALTHY
9.611024293132786,3.40528999289332,17.572178335034025,0.6108274548634727,0.12120146520146591,9V_ZINC_CARBON_BATTERY_HEALTHY
9.604978248002961,4.054765557430402,18.613200358217473,0.6555086413597111,0.14441025641025718,9V_ZINC_CARBON_BATTERY_HEALTHY
9.613706531156923,3.0765377860647174,16.28067217639977,0.594717729722186,0.12378021978022069,9V_ZINC_CARBON_BATTERY_HEALTHY
9.603077663417547,3.10276841193304,17.337962839012622,0.6123322468042105,0.12120146520146591,9V_ZINC_CARBON_BATTERY_HEALTHY
9.607918573525177,3.87965970383728,17.443364351150162,0.6151660588503699,0.11862271062270935,9V_ZINC_CARBON_BATTERY_HEALTHY
9.612070511412595,3.656042311111763,16.071907383915732,0.571510285039371,0.13409523809523805,9V_ZINC_CARBON_BATTERY_HEALTHY
9.599701045327443,3.0656422131711993,17.232134456087312,0.5999904578214238,0.12635897435897547,9V_ZINC_CARBON_BATTERY_HEALTHY
9.609947608646838,2.883891915431344,16.616250288006988,0.6304450052093789,0.14441025641025718,9V_ZINC_CARBON_BATTERY_HEALTHY
9.612672460685491,5.857119342350853,18.882344711184402,0.6506335244856783,0.1779340659340658,9V_ZINC_CARBON_BATTERY_HEALTHY
9.613959247056929,3.3427300659807835,16.575283534138432,0.5672933975931137,0.13151648351648504,9V_ZINC_CARBON_BATTERY_HEALTHY
9.615023805998145,2.869868721017585,17.12461903156775,0.6298880664948627,0.16504029304029366,9V_ZINC_CARBON_BATTERY_HEALTHY
9.60779541599288,2.9726199499633896,17.35130538683549,0.6193234419814496,0.13925274725274583,9V_ZINC_CARBON_BATTERY_HEALTHY
9.604574592729433,2.554522549951322,17.600524598788716,0.6326863887263926,0.11088644688644855,9V_ZINC_CARBON_BATTERY_HEALTHY
9.610625475901836,3.71188673147887,17.78133639918791,0.6405385150716557,0.14441025641025718,9V_ZINC_CARBON_BATTERY_HEALTHY
9.605066715659312,2.9063209853334215,19.151633062795117,0.638527703457,0.13667399267399283,9V_ZINC_CARBON_BATTERY_HEALTHY
9.619616343684266,3.4732127003021125,20.19937773632043,0.6881742529634206,0.11346520146520156,9V_ZINC_CARBON_BATTERY_HEALTHY
9.613189776151106,2.201963750269452,16.852849071442645,0.570383765014113,0.11088644688644855,9V_ZINC_CARBON_BATTERY_HEALTHY
9.612021323485878,2.7875927476011206,15.293625598996377,0.5762326974461908,0.1392527472527494,9V_ZINC_CARBON_BATTERY_HEALTHY
9.611886680215747,3.844609750764666,15.906022600750493,0.569676869531006,0.1598827838827841,9V_ZINC_CARBON_BATTERY_HEALTHY
9.603684407162666,2.4588400512961925,16.65179471779312,0.5765062581314424,0.10572893772893899,9V_ZINC_CARBON_BATTERY_HEALTHY
9.606500577028138,2.9696883254383306,17.994773699509647,0.6390687095245862,0.12893772893773026,9V_ZINC_CARBON_BATTERY_HEALTHY
9.60968404383545,3.118384181654827,17.95321026190614,0.6314409919105356,0.1392527472527494,9V_ZINC_CARBON_BATTERY_HEALTHY
9.608897685062907,2.827609816282592,16.559324074582925,0.6266104308019701,0.12120146520146591,9V_ZINC_CARBON_BATTERY_HEALTHY
9.60565550884191,4.776860717492388,16.937993527831857,0.5974650375352168,0.1573040293040311,9V_ZINC_CARBON_BATTERY_HEALTHY
9.606560024427502,2.983559538019942,16.937797881284066,0.6175103593487246,0.18824908424908493,9V_ZINC_CARBON_BATTERY_HEALTHY
9.607187246402786,2.8618761101338848,16.80730877833529,0.5759621980351626,0.14698901098901196,9V_ZINC_CARBON_BATTERY_HEALTHY
9.605918680554323,2.6172128420046548,15.294595567194987,0.5579314195058619,0.11088644688644855,9V_ZINC_CARBON_BATTERY_HEALTHY
9.603611861681548,3.0513979025394216,16.14902300740354,0.5924928335811902,0.12893772893773026,9V_ZINC_CARBON_BATTERY_HEALTHY
9.603376920798459,3.3913393333138413,18.71502598634246,0.6422751700219177,0.12893772893773026,9V_ZINC_CARBON_BATTERY_HEALTHY
9.617149306620158,2.9871978272721815,18.860755306286634,0.6408677985886182,0.14441025641025718,9V_ZINC_CARBON_BATTERY_HEALTHY
9.610520079039183,2.728501511441773,16.634379757344064,0.5873218553030474,0.13409523809523805,9V_ZINC_CARBON_BATTERY_HEALTHY
9.612143985830901,2.57078920863184,16.382372983096722,0.5004192882219248,0.14698901098901196,9V_ZINC_CARBON_BATTERY_HEALTHY
9.613453301916719,4.076880696399936,15.625719759482472,0.5893225742371482,0.11862271062270935,9V_ZINC_CARBON_BATTERY_HEALTHY
